anon_polygon_id,date,primary_ndvi_pred
AOI-0001,2010-08-29,0.17790515841820015
AOI-0001,2010-10-25,0.16522433869580117
AOI-0001,2011-06-13,0.6310573969679147
AOI-0001,2011-09-18,0.3012617541564131
AOI-0001,2011-09-26,0.252069919030539
AOI-0001,2011-09-30,0.37184645081825274
AOI-0001,2012-05-24,0.7387497652393338
AOI-0001,2012-07-09,0.24936166804644935
AOI-0001,2012-07-11,0.3315229511598303
AOI-0001,2012-08-10,0.14756509631195103
AOI-0001,2012-08-12,0.3016692759823471
AOI-0001,2012-10-15,0.42910723935494044
AOI-0001,2013-05-01,0.8226891297684767
AOI-0001,2013-07-12,0.25779578397285635
AOI-0001,2013-09-30,0.4891182607191405
AOI-0001,2014-04-18,0.20969930783008378
AOI-0001,2014-05-25,0.6213886744849588
AOI-0001,2014-06-26,0.7905895223747172
AOI-0001,2014-07-15,0.7633402159332059
AOI-0001,2014-07-28,0.6383780405338608
AOI-0001,2014-08-09,0.43522334497810394
AOI-0001,2014-08-13,0.4089951273825225
AOI-0001,2014-10-03,0.19293988442330293
AOI-0001,2014-10-16,0.28207971834869927
AOI-0001,2015-04-13,0.45629393419893516
AOI-0001,2015-08-11,0.21242405784064347
AOI-0001,2015-08-12,0.15590741371644898
AOI-0001,2015-08-27,0.2144015516094263
AOI-0001,2015-09-20,0.15498233673876566
AOI-0001,2015-09-28,0.1908316113132423
AOI-0001,2016-06-27,0.2769289420551903
AOI-0001,2016-07-04,0.29003935285657373
AOI-0001,2016-07-20,0.25841607424901886
AOI-0001,2016-07-27,0.3525506957171288
AOI-0001,2016-08-29,0.30970772785833184
AOI-0001,2016-08-30,0.22261650272768413
AOI-0001,2016-09-15,0.2988328460111784
AOI-0001,2016-09-29,0.5277766528815239
AOI-0001,2017-05-12,0.79063758814972
AOI-0001,2017-06-29,0.5978087168268482
AOI-0001,2017-07-12,0.4505185842152054
AOI-0001,2017-08-09,0.3138174368855049
AOI-0001,2017-08-29,0.20083546332937366
AOI-0001,2017-09-08,0.19798515285989027
AOI-0001,2017-09-14,0.28560120538816636
AOI-0001,2018-04-05,0.4698241658804093
AOI-0001,2018-04-23,0.7438309272379112
AOI-0001,2018-05-01,0.8109178251616216
AOI-0001,2018-06-08,0.6348847451225585
AOI-0001,2018-07-12,0.3129659223916037
AOI-0001,2018-09-28,0.17323948361425243
AOI-0001,2018-10-13,0.18253009495905737
AOI-0001,2019-05-11,0.54001766426982
AOI-0001,2019-05-31,0.6832026007761445
AOI-0001,2019-06-04,0.6843724573453429
AOI-0001,2019-06-05,0.6555465364717118
AOI-0001,2019-06-25,0.3494382190773335
AOI-0001,2019-07-12,0.46170921995536723
AOI-0001,2019-07-22,0.4041285642142502
AOI-0001,2019-07-29,0.4375151597187877
AOI-0001,2019-08-30,0.24873237530996425
AOI-0001,2019-09-07,0.3081104476938355
AOI-0001,2019-09-08,0.23589167439728745
AOI-0001,2019-09-18,-0.09213515040494752
AOI-0001,2020-04-03,0.5376228499050422
AOI-0001,2020-04-26,0.6517667553916691
AOI-0001,2020-05-30,0.8270166557475617
AOI-0001,2020-06-09,0.7913426962191772
AOI-0001,2020-07-14,0.13579153145847644
AOI-0001,2020-07-23,0.23303992836267282
AOI-0001,2020-07-27,0.2765111472780609
AOI-0001,2020-08-08,0.22108090535508554
AOI-0001,2020-09-01,0.2929246425509592
AOI-0001,2020-09-02,0.302059402146985
AOI-0001,2020-09-12,0.2391306117193358
AOI-0001,2020-09-22,0.23410453956482885
AOI-0001,2020-09-29,0.2601259206741212
AOI-0001,2020-10-11,0.22735399270489742
AOI-0001,2020-10-12,0.17147115709706717
AOI-0001,2020-10-19,0.1661844349790311
AOI-0001,2021-05-15,0.4564568298774345
AOI-0001,2021-05-20,0.43961954441997403
AOI-0001,2021-06-10,0.599171092973666
AOI-0001,2021-07-02,0.6333081789620064
AOI-0001,2021-07-24,0.6673481744012386
AOI-0001,2021-09-17,0.24866502376379282
AOI-0001,2022-04-25,0.6111527420586886
AOI-0001,2022-06-03,0.7880964500983751
AOI-0001,2022-09-02,0.2085236811512956
AOI-0001,2022-09-30,0.28598687396198685
AOI-0001,2022-10-01,0.2604177626619985
AOI-0001,2022-10-17,0.2289679058263298
AOI-0001,2023-05-25,0.7769234436786538
AOI-0001,2023-06-23,0.7993405315786017
AOI-0001,2023-07-15,0.2445356124682968
AOI-0001,2023-07-29,0.18466004510110162
AOI-0001,2023-08-03,0.20096966070815658
AOI-0001,2023-08-08,0.1932610913605514
AOI-0001,2023-08-13,0.2540373032290583
AOI-0001,2023-08-17,0.28076527327478423
AOI-0001,2023-08-28,0.2099085215855913
AOI-0001,2023-08-29,0.30993713433112624
AOI-0001,2023-09-12,0.23091607632732158
AOI-0001,2024-04-06,0.6748563674758957
AOI-0001,2024-05-24,0.7939303726275054
AOI-0001,2024-06-01,0.8184027590561018
AOI-0001,2024-06-03,0.8100812416058615
AOI-0001,2024-06-09,0.6394859051396605
AOI-0001,2024-06-13,0.5177185344196722
AOI-0001,2024-06-17,0.5348871146713383
AOI-0001,2024-06-23,0.3499197091803605
AOI-0001,2024-06-25,0.39166602891048413
AOI-0001,2024-07-03,0.3000399221235025
AOI-0001,2024-09-11,0.14523766930514023
AOI-0001,2024-09-13,0.18523211174794646
AOI-0001,2024-09-16,0.16454574757639195
AOI-0001,2024-09-29,0.2021375220796187
AOI-0001,2025-04-23,0.4934507381608339
AOI-0001,2025-05-03,0.3539212239067681
AOI-0001,2025-06-03,0.4693230824640204
AOI-0001,2025-06-27,0.6847216426190453
AOI-0001,2025-07-05,0.6489893341398805
AOI-0001,2025-07-12,0.49152904524035246
AOI-0001,2025-07-13,0.4274636882619197
AOI-0001,2025-07-23,0.4070676227255718
AOI-0001,2025-07-28,0.39236339360135364
AOI-0001,2025-07-29,0.39360280212773485
AOI-0001,2025-08-02,0.29717456410193605
AOI-0001,2025-10-28,0.22805462620949457
AOI-0002,2025-05-03,0.8579496736497609
AOI-0002,2025-06-03,0.5725845727864808
AOI-0002,2025-06-26,0.4687010542726234
AOI-0002,2025-07-29,0.25191768607105053
AOI-0002,2025-08-02,0.14784264547071146
AOI-0002,2025-08-13,0.27833632915117146
AOI-0002,2025-08-19,0.15870751307556363
AOI-0003,2025-04-01,0.4414871319257217
AOI-0003,2025-04-18,0.7812715546154918
AOI-0003,2025-04-19,0.8299587818125805
AOI-0003,2025-05-06,0.8405384962157373
AOI-0003,2025-06-04,0.7714827855733396
AOI-0003,2025-06-13,0.5428509662976919
AOI-0003,2025-07-07,0.1866358968942437
AOI-0003,2025-07-13,0.1698454856315921
AOI-0003,2025-07-15,0.15972896040056317
AOI-0003,2025-08-04,0.12434657071734193
AOI-0003,2025-08-07,0.17989735308633548
AOI-0003,2025-08-14,0.1888176921271492
AOI-0003,2025-08-22,0.1689989684206369
AOI-0003,2025-08-23,0.22749007235343843
AOI-0004,2025-04-23,0.68754529542124
AOI-0004,2025-05-04,0.6862367324380162
AOI-0004,2025-05-24,0.7402294616801255
AOI-0004,2025-05-25,0.7409860385563765
AOI-0004,2025-06-30,0.588600785930689
AOI-0004,2025-07-12,0.5291792272687048
AOI-0004,2025-07-23,0.3891999281922226
AOI-0004,2025-08-02,0.35861765243415394
AOI-0004,2025-09-14,0.3758348684622548
AOI-0004,2025-09-23,0.3463336304123644
AOI-0005,2025-05-01,0.6797277354544237
AOI-0005,2025-05-03,0.6637647558957106
AOI-0005,2025-05-14,0.5886307490253915
AOI-0005,2025-06-11,0.5868391685498556
AOI-0005,2025-07-21,0.44328762941315647
AOI-0005,2025-08-17,0.3180563570626221
AOI-0005,2025-09-01,0.24586618191922704
AOI-0006,2025-04-01,0.15390316199853782
AOI-0006,2025-05-09,0.3435262498138105
AOI-0006,2025-05-25,0.6044062870214879
AOI-0006,2025-07-28,0.43405455800237674
AOI-0006,2025-08-09,0.4013142528183399
AOI-0006,2025-08-22,0.39309307031016505
AOI-0006,2025-08-30,0.2579931907222959
AOI-0006,2025-09-07,0.2327464366504687
AOI-0006,2025-10-28,0.22371254235064977
AOI-0007,2025-04-01,0.15255776902291288
AOI-0007,2025-04-18,0.2865565282579424
AOI-0007,2025-04-29,0.40909424231911956
AOI-0007,2025-05-01,0.4092809543321863
AOI-0007,2025-06-26,0.37582126984591807
AOI-0007,2025-07-28,0.15081124024905299
AOI-0007,2025-08-13,0.22057688064333345
AOI-0007,2025-08-14,0.10461973089964256
AOI-0007,2025-08-16,0.15945937305121444
AOI-0007,2025-09-11,0.14652111149520267
AOI-0007,2025-09-26,0.18647447510271828
AOI-0008,2025-04-17,0.8199997342288242
AOI-0008,2025-04-24,0.8578634302815356
AOI-0008,2025-05-19,0.8978970973791389
AOI-0008,2025-07-08,0.1898523180730665
AOI-0008,2025-07-15,0.1750595870572486
AOI-0008,2025-07-17,0.17044435495821084
AOI-0008,2025-08-13,0.23783752949525663
AOI-0008,2025-09-01,0.13973519092009923
AOI-0008,2025-09-30,0.25938962452573305
AOI-0008,2025-10-16,0.24665418521283125
AOI-0009,2025-04-01,0.39885327191315206
AOI-0009,2025-04-23,0.797295948468357
AOI-0009,2025-05-04,0.848320062634262
AOI-0009,2025-06-30,0.17913014126354873
AOI-0009,2025-07-05,0.179882111702096
AOI-0009,2025-07-10,0.1642582783504275
AOI-0009,2025-07-25,0.17162749870128557
AOI-0009,2025-08-12,0.17709636520385064
AOI-0009,2025-08-17,0.17614904323189598
AOI-0009,2025-08-22,0.16949993265383792
AOI-0009,2025-08-24,0.1409949503217274
AOI-0009,2025-09-14,0.25881539774162415
AOI-0009,2025-09-16,0.1745713154034064
AOI-0009,2025-09-25,0.1432083042364067
AOI-0009,2025-10-03,0.15768564501480734
AOI-0010,2010-06-19,0.3143321951099797
AOI-0010,2010-08-06,0.1977614667141947
AOI-0010,2010-08-22,0.23775920488208344
AOI-0010,2011-06-14,0.5551406800909106
AOI-0010,2011-07-12,0.34977413744232044
AOI-0010,2011-08-09,0.23550548813282124
AOI-0010,2011-08-13,0.29352862040319083
AOI-0010,2011-09-10,0.23242736221195676
AOI-0010,2012-04-13,0.26920842781898774
AOI-0010,2012-08-03,0.21246475738741802
AOI-0010,2013-04-16,0.7488822267989165
AOI-0010,2013-05-25,0.6430681768335849
AOI-0010,2013-06-26,0.31307178186153645
AOI-0010,2013-07-12,0.2916117291707186
AOI-0010,2014-05-29,0.7097338849509084
AOI-0010,2014-06-06,0.5650601511548446
AOI-0010,2014-06-10,0.33257052876417015
AOI-0010,2014-08-29,0.24414742679764764
AOI-0010,2014-09-30,0.261848554954109
AOI-0010,2015-04-07,0.328311545468165
AOI-0010,2015-04-14,0.2365224693259711
AOI-0010,2015-05-25,0.3720887602972486
AOI-0010,2015-10-07,0.21352281360301653
AOI-0010,2016-07-27,0.3265058865004562
AOI-0010,2016-08-12,0.3270693674244719
AOI-0010,2016-09-13,0.28408205989766505
AOI-0010,2017-04-03,0.36345135000940193
AOI-0010,2017-04-07,0.6092214409783304
AOI-0010,2017-08-01,0.16753603099870334
AOI-0010,2017-08-04,0.15946123793771247
AOI-0010,2017-08-13,0.23480275068579734
AOI-0010,2017-08-29,0.24229682452441462
AOI-0010,2018-05-16,0.8249570096234299
AOI-0010,2018-07-28,0.25279163099006613
AOI-0010,2018-08-28,0.19164898748349304
AOI-0010,2018-09-14,0.24006245003238302
AOI-0010,2019-04-06,0.38941399499624346
AOI-0010,2019-04-28,0.7146045721145989
AOI-0010,2019-05-19,0.7889132316375628
AOI-0010,2019-06-20,0.19842406080405078
AOI-0010,2019-06-26,0.2477489994059462
AOI-0010,2019-06-27,0.13268933901451152
AOI-0010,2019-07-20,0.15152987655769687
AOI-0010,2019-08-13,0.27458974511058093
AOI-0010,2019-08-19,0.1664514146563307
AOI-0010,2019-08-21,0.17651120641161455
AOI-0010,2019-09-23,0.15950841694674467
AOI-0010,2020-06-06,0.4268581956504037
AOI-0010,2020-06-09,0.43784372237510727
AOI-0010,2020-07-16,0.1421800361529456
AOI-0010,2020-07-19,0.1292201389870505
AOI-0010,2020-07-26,0.13816702104655143
AOI-0010,2020-07-31,0.14277391529610836
AOI-0010,2020-09-09,0.16988394298181955
AOI-0010,2020-09-13,0.2438061837931339
AOI-0010,2020-09-19,0.12564973215814276
AOI-0010,2020-09-27,0.14497248448835134
AOI-0010,2021-05-05,0.33171588990009354
AOI-0010,2021-05-09,0.5584830700372122
AOI-0010,2021-07-28,0.31017125956877195
AOI-0010,2021-08-05,0.21319254908541355
AOI-0010,2021-09-04,0.26571147041584925
AOI-0010,2021-09-17,0.345308610389516
AOI-0010,2021-10-27,0.37052891319269543
AOI-0010,2022-06-06,0.7408541011378524
AOI-0010,2022-06-10,0.5582001776570987
AOI-0010,2022-06-11,0.7014030176504239
AOI-0010,2022-07-17,0.26700722872458205
AOI-0010,2022-07-28,0.35776111847274966
AOI-0010,2022-09-08,0.3088846377716755
AOI-0010,2023-04-02,0.5225935730663345
AOI-0010,2023-04-27,0.6955848927330286
AOI-0010,2023-06-08,0.7454267415017088
AOI-0010,2023-06-16,0.6058850927278139
AOI-0010,2023-08-23,0.2319069398363551
AOI-0010,2023-08-30,0.2472739600617015
AOI-0010,2023-09-19,0.26495873399938547
AOI-0010,2024-04-04,0.6242235641360039
AOI-0010,2024-04-26,0.6507698788873452
AOI-0010,2024-05-08,0.8128088498154122
AOI-0010,2024-05-21,0.728902086427773
AOI-0010,2024-06-18,0.232933838807549
AOI-0010,2024-06-20,0.2332009449737385
AOI-0010,2024-07-08,0.18488582182639826
AOI-0010,2024-07-15,0.17997997400303006
AOI-0010,2024-08-12,0.2113415227901323
AOI-0010,2024-09-06,0.20381355117137595
AOI-0010,2024-09-28,0.19684476065760487
AOI-0010,2024-10-01,0.2041720769636499
AOI-0010,2024-10-15,0.24283664579962352
AOI-0010,2024-10-23,0.20587340313337937
AOI-0010,2025-04-16,0.3579971564925764
AOI-0010,2025-04-18,0.4731861366354866
AOI-0010,2025-05-09,0.689802772230367
AOI-0010,2025-06-05,0.5340783722089821
AOI-0010,2025-06-07,0.4983128701651412
AOI-0010,2025-06-28,0.20503191797487796
AOI-0010,2025-07-05,0.17125276000895157
AOI-0010,2025-07-06,0.23118009965322214
AOI-0010,2025-07-07,0.186825065301496
AOI-0010,2025-07-25,0.16234168092837736
AOI-0010,2025-07-30,0.17599321714653263
AOI-0010,2025-08-16,0.19411947866025808
AOI-0010,2025-08-27,0.18309738669900316
AOI-0010,2025-09-16,0.20378872500814482
AOI-0010,2025-09-30,0.31532477826799277
AOI-0010,2025-10-05,0.2152176365002898
AOI-0011,2025-04-07,0.7860526629169844
AOI-0011,2025-04-17,0.7975687114602985
AOI-0011,2025-04-23,0.8100440304435659
AOI-0011,2025-04-28,0.84729679407673
AOI-0011,2025-05-24,0.8250115711760466
AOI-0011,2025-06-03,0.5905422087806945
AOI-0011,2025-07-12,0.2759589172519831
AOI-0011,2025-08-06,0.22395839942628545
AOI-0011,2025-08-14,0.1861256425859789
AOI-0011,2025-08-19,0.21561549984332107
AOI-0011,2025-08-27,0.19507861119939607
AOI-0011,2025-09-30,0.2658111135967801
AOI-0011,2025-10-03,0.16233050364246115
AOI-0011,2025-10-05,0.12184454507702674
AOI-0012,2025-04-01,0.21465765521761965
AOI-0012,2025-04-28,0.4865667573652693
AOI-0012,2025-05-16,0.7537714867481627
AOI-0012,2025-06-03,0.6415793651798768
AOI-0012,2025-06-05,0.5445102435548489
AOI-0012,2025-06-15,0.26330129774673405
AOI-0012,2025-06-26,0.3345258626236315
AOI-0012,2025-07-10,0.17071276748703457
AOI-0012,2025-07-18,0.14397972392883218
AOI-0012,2025-07-30,0.17025005384362493
AOI-0013,2010-04-16,0.6544919823830544
AOI-0013,2010-06-10,0.4222178948270334
AOI-0013,2010-06-19,0.3798342302187604
AOI-0013,2010-10-24,0.19926311829776136
AOI-0013,2011-04-18,0.24088044035316664
AOI-0013,2011-04-26,0.220480232742463
AOI-0013,2012-05-08,0.49416944992806283
AOI-0013,2012-06-23,0.5910980977758429
AOI-0013,2012-08-12,0.4597997800948079
AOI-0013,2013-04-16,0.2496517922130907
AOI-0013,2013-04-24,0.26937144013222625
AOI-0013,2013-05-02,0.300881505824888
AOI-0013,2013-05-09,0.45388122977294293
AOI-0013,2013-06-11,0.5189687589057699
AOI-0013,2013-07-12,0.45826823327571076
AOI-0013,2013-07-28,0.42330448738356674
AOI-0013,2014-05-29,0.4966688625205744
AOI-0013,2014-06-10,0.41418798655870276
AOI-0013,2014-07-28,0.3769777590847885
AOI-0013,2014-08-01,0.3824036521974367
AOI-0013,2014-08-08,0.3786203233353587
AOI-0013,2014-08-13,0.4015711519016902
AOI-0013,2015-05-09,0.5328005662219077
AOI-0013,2015-05-23,0.48441820495536336
AOI-0013,2015-07-12,0.4895066028700896
AOI-0013,2015-08-20,0.43652549352781655
AOI-0013,2015-10-07,0.36098323977373264
AOI-0013,2015-10-16,0.3526936698732816
AOI-0013,2016-05-09,0.4591931949049135
AOI-0013,2016-05-10,0.43847537339729364
AOI-0013,2016-08-12,0.5969595336714586
AOI-0013,2016-08-21,0.6311289006936067
AOI-0013,2016-09-13,0.5862567007630444
AOI-0013,2016-10-09,0.5719535738465568
AOI-0013,2017-04-11,0.20729583951217756
AOI-0013,2017-04-28,0.3535529757827568
AOI-0013,2017-05-01,0.36612981363061453
AOI-0013,2017-05-21,0.6034567587513706
AOI-0013,2017-05-29,0.5397094223529165
AOI-0013,2017-06-30,0.6818096415785226
AOI-0013,2017-07-27,0.5515656927724724
AOI-0013,2017-08-08,0.403050690837094
AOI-0013,2017-08-24,0.3692340485438409
AOI-0013,2017-09-13,0.47239733845842624
AOI-0013,2017-09-17,0.4953892664338888
AOI-0013,2017-09-30,0.3992083119179869
AOI-0013,2018-05-25,0.4383136903695649
AOI-0013,2018-06-08,0.39876494211699914
AOI-0013,2018-06-15,0.4001981661655416
AOI-0013,2018-07-12,0.400206990268238
AOI-0013,2018-08-13,0.40823630749233625
AOI-0013,2018-08-27,0.3785410817606597
AOI-0013,2018-09-28,0.3801175958080313
AOI-0013,2018-10-06,0.4437133765895811
AOI-0013,2019-04-01,0.22912103412918922
AOI-0013,2019-05-06,0.3951065052344457
AOI-0013,2019-06-02,0.4212415492110238
AOI-0013,2019-06-05,0.42903221282846704
AOI-0013,2019-06-12,0.4416917402002713
AOI-0013,2019-06-25,0.4332700717292016
AOI-0013,2019-07-17,0.4380792509463811
AOI-0013,2019-07-28,0.5183908001702169
AOI-0013,2019-08-24,0.46863869677898473
AOI-0013,2019-08-31,0.5201940378271054
AOI-0013,2019-09-08,0.5160606744444336
AOI-0013,2019-09-13,0.48889223936069903
AOI-0013,2019-10-02,0.5416673374539445
AOI-0013,2019-10-10,0.5189000213577284
AOI-0013,2019-10-17,0.4677858205270763
AOI-0013,2020-04-22,0.4001178496598652
AOI-0013,2020-05-12,0.39956844378723333
AOI-0013,2020-06-24,0.4841702273762185
AOI-0013,2020-06-26,0.5024948926753217
AOI-0013,2020-08-12,0.42980634367432213
AOI-0013,2020-08-15,0.38304241582590015
AOI-0013,2020-08-16,0.45592695093109187
AOI-0013,2020-08-20,0.4274748592424633
AOI-0013,2020-10-27,0.39983509209247875
AOI-0013,2021-04-23,0.5101966388329443
AOI-0013,2021-06-10,0.5945516800855557
AOI-0013,2021-06-11,0.5733363706993374
AOI-0013,2021-06-21,0.5444101207060118
AOI-0013,2021-07-12,0.5232666860591094
AOI-0013,2021-07-14,0.5382533993834516
AOI-0013,2021-08-20,0.49932178873029376
AOI-0013,2021-10-14,0.5179964779747858
AOI-0013,2021-10-16,0.3778215882481727
AOI-0013,2022-04-02,0.48273388275102225
AOI-0013,2022-04-17,0.5693614779271077
AOI-0013,2022-04-24,0.5430029197767783
AOI-0013,2022-04-25,0.5692229684700157
AOI-0013,2022-06-10,0.4571786520349499
AOI-0013,2022-06-16,0.41662306096326945
AOI-0013,2022-06-26,0.467175398517194
AOI-0013,2022-07-05,0.5310420838910755
AOI-0013,2022-07-17,0.5615700254991489
AOI-0013,2022-07-22,0.5743399171494382
AOI-0013,2022-08-14,0.5655855899483517
AOI-0013,2022-09-14,0.40865437065167676
AOI-0013,2022-10-07,0.4350547518027987
AOI-0013,2022-10-14,0.4600865521040967
AOI-0013,2023-04-10,0.4314371541198071
AOI-0013,2023-06-21,0.5417938687407858
AOI-0013,2023-06-29,0.554865422322405
AOI-0013,2023-07-06,0.5476925296936886
AOI-0013,2023-07-12,0.517574659082927
AOI-0013,2023-07-24,0.5407152560365113
AOI-0013,2023-08-05,0.5246524861728591
AOI-0013,2023-08-20,0.5143257040998142
AOI-0013,2023-08-23,0.5076028007850131
AOI-0013,2023-08-26,0.5066391966680568
AOI-0013,2023-09-11,0.5466903377290352
AOI-0013,2023-09-14,0.4652864559390317
AOI-0013,2023-09-24,0.5035651056337525
AOI-0013,2023-10-05,0.441930363504767
AOI-0013,2023-10-14,0.3899362435828122
AOI-0013,2023-10-17,0.32985752570217625
AOI-0013,2023-10-19,0.3530831232295361
AOI-0013,2024-04-26,0.34161286967380855
AOI-0013,2024-05-04,0.5090246191809191
AOI-0013,2024-05-23,0.5087935287963631
AOI-0013,2024-05-24,0.5272104953719187
AOI-0013,2024-06-30,0.5041450951863856
AOI-0013,2024-07-02,0.5356981656231166
AOI-0013,2024-07-11,0.5147086399798051
AOI-0013,2024-07-26,0.44073574284293826
AOI-0013,2024-07-27,0.464585717709038
AOI-0013,2024-08-09,0.46759221750868146
AOI-0013,2024-08-11,0.5172566896982952
AOI-0013,2024-09-03,0.43458217188507525
AOI-0013,2024-09-06,0.5097702751261078
AOI-0013,2024-09-26,0.4304121010191708
AOI-0013,2024-10-08,0.38073356560195
AOI-0013,2025-04-01,0.37521245151189553
AOI-0013,2025-04-28,0.5017685737675975
AOI-0013,2025-05-16,0.5116271624709767
AOI-0013,2025-05-19,0.5522709701746445
AOI-0013,2025-05-24,0.5073427461310174
AOI-0013,2025-07-07,0.5033015517568874
AOI-0013,2025-07-08,0.518092573628781
AOI-0013,2025-07-14,0.5085040528741686
AOI-0013,2025-07-21,0.5795411816367427
AOI-0013,2025-07-27,0.4908227589472746
AOI-0013,2025-08-15,0.5274716272263061
AOI-0013,2025-09-03,0.45653276620313527
AOI-0013,2025-09-07,0.5238584818567839
AOI-0014,2010-04-07,0.4730967670529853
AOI-0014,2010-04-24,0.723727051115316
AOI-0014,2010-06-10,0.7472975718805079
AOI-0014,2010-09-23,0.19448020491607237
AOI-0014,2011-04-19,0.20401735225247394
AOI-0014,2011-04-26,0.21266048397861714
AOI-0014,2011-05-09,0.6317143552202887
AOI-0014,2011-05-28,0.6261160253061209
AOI-0014,2011-06-14,0.7463853304549672
AOI-0014,2011-08-01,0.4373877347622522
AOI-0014,2011-09-14,0.29597635930820737
AOI-0014,2011-09-17,0.17122568370096594
AOI-0014,2011-10-27,0.3535822465737257
AOI-0014,2012-05-06,0.6776421793234603
AOI-0014,2012-06-25,0.3971731773990218
AOI-0014,2012-08-28,0.3050058265950565
AOI-0014,2012-09-04,0.19205524503640617
AOI-0014,2012-09-11,0.18849430103378167
AOI-0014,2012-09-27,0.17516803462978348
AOI-0014,2013-05-09,0.37230635919961724
AOI-0014,2013-06-11,0.5641321130277103
AOI-0014,2013-06-19,0.694400924598863
AOI-0014,2013-07-28,0.629302878691831
AOI-0014,2013-09-14,0.4114761155635791
AOI-0014,2013-09-23,0.24573588009889033
AOI-0014,2014-06-26,0.44271426483431525
AOI-0014,2014-06-29,0.2956429112908729
AOI-0014,2014-08-17,0.2434775193150269
AOI-0014,2014-09-30,0.2781973522502711
AOI-0014,2014-10-27,0.23066813485877155
AOI-0014,2015-04-14,0.39380213831928496
AOI-0014,2015-06-16,0.6176580628609253
AOI-0014,2015-06-26,0.43256545111180683
AOI-0014,2015-07-12,0.40895588687090667
AOI-0014,2015-07-27,0.29482504864485176
AOI-0014,2015-08-28,0.19213816446782597
AOI-0014,2016-04-22,0.408366411217538
AOI-0014,2016-05-09,0.3349411250872524
AOI-0014,2016-06-03,0.695402157741283
AOI-0014,2016-06-19,0.8354353208419786
AOI-0014,2016-08-13,0.47665890136467853
AOI-0014,2016-08-30,0.26984212406706515
AOI-0014,2017-04-26,0.80019746546267
AOI-0014,2017-04-28,0.8035913285287773
AOI-0014,2017-05-21,0.8907278812091762
AOI-0014,2017-05-29,0.8697824338933453
AOI-0014,2017-07-23,0.22885761874039184
AOI-0014,2017-07-31,0.24718792662600006
AOI-0014,2017-08-06,0.13884775144423053
AOI-0014,2017-08-21,0.12089731637374779
AOI-0014,2017-09-10,0.16604954317777457
AOI-0014,2017-09-30,0.2220256498510382
AOI-0014,2017-10-08,0.16124825504350454
AOI-0014,2018-04-07,0.5706450361056858
AOI-0014,2018-05-03,0.8227925395179098
AOI-0014,2018-06-24,0.2154271243235097
AOI-0014,2018-07-18,0.23139215839935978
AOI-0014,2018-08-27,0.1656699148276974
AOI-0014,2018-10-06,0.2413830973820214
AOI-0014,2019-04-01,0.258866386297644
AOI-0014,2019-04-21,0.18007091893874688
AOI-0014,2019-05-01,0.18237712603035605
AOI-0014,2019-05-09,0.6197607501244975
AOI-0014,2019-05-27,0.6875698325621012
AOI-0014,2019-05-28,0.6314246261610779
AOI-0014,2019-06-04,0.8091766191401665
AOI-0014,2019-06-11,0.8329602345798703
AOI-0014,2019-06-15,0.8565119588121451
AOI-0014,2019-06-22,0.7600383968851434
AOI-0014,2019-07-06,0.6832123274869395
AOI-0014,2019-08-14,0.3314420613974776
AOI-0014,2019-08-26,0.1670212466681662
AOI-0014,2020-04-06,0.6786500450751012
AOI-0014,2020-04-07,0.7271943361336923
AOI-0014,2020-04-17,0.6941580099456808
AOI-0014,2020-04-22,0.68249004914406
AOI-0014,2020-04-25,0.7563098501191684
AOI-0014,2020-05-15,0.5439585416757838
AOI-0014,2020-05-17,0.6042673400058867
AOI-0014,2020-06-04,0.6565702073469961
AOI-0014,2020-06-25,0.35445870591422773
AOI-0014,2020-07-11,0.20637201069340042
AOI-0014,2020-07-27,0.28612908818482036
AOI-0014,2020-08-16,0.18239982982985067
AOI-0014,2020-09-09,0.1781117823009924
AOI-0014,2020-09-24,0.13370991201628563
AOI-0014,2021-04-07,0.4376920902914692
AOI-0014,2021-04-29,0.6548411464276637
AOI-0014,2021-05-25,0.8311150457311016
AOI-0014,2021-08-13,0.3212759590104492
AOI-0014,2021-08-18,0.22144002475098476
AOI-0014,2021-09-14,0.20160176018979728
AOI-0014,2021-10-12,0.01923358307705536
AOI-0014,2021-10-14,0.1941513222356689
AOI-0014,2022-05-15,0.24122330344548376
AOI-0014,2022-05-26,0.33940205986133426
AOI-0014,2022-05-27,0.3075697075351496
AOI-0014,2022-06-24,0.7467935888606484
AOI-0014,2022-07-14,0.7810293521726793
AOI-0014,2022-07-24,0.7314969157198242
AOI-0014,2022-08-22,0.3307094939658651
AOI-0014,2022-08-29,0.2990916919029766
AOI-0014,2022-09-02,0.17129335967895604
AOI-0014,2022-09-08,0.20820942516317723
AOI-0014,2022-09-14,0.20334899152678848
AOI-0014,2023-06-07,0.8892967937951413
AOI-0014,2023-08-10,0.2126406841040395
AOI-0014,2024-04-04,0.7262974092458944
AOI-0014,2024-05-08,0.8902868809075325
AOI-0014,2024-05-09,0.8296226274413241
AOI-0014,2024-05-21,0.7878761344805676
AOI-0014,2024-05-23,0.7980021406138942
AOI-0014,2024-06-08,0.5474008603855482
AOI-0014,2024-07-25,0.1380944509386225
AOI-0014,2024-08-11,0.20633717153847264
AOI-0014,2024-09-01,0.14308328160169295
AOI-0014,2024-09-08,0.14831872463614765
AOI-0014,2024-09-11,0.13502184380599885
AOI-0014,2024-09-18,0.15950523038734626
AOI-0014,2024-09-29,0.19889876029196416
AOI-0014,2024-10-07,0.1979158169740122
AOI-0014,2024-10-30,0.2211394698215915
AOI-0014,2025-04-23,0.29568963806786275
AOI-0014,2025-05-01,0.2276264222505096
AOI-0014,2025-05-27,0.46033777463095615
AOI-0014,2025-06-13,0.45831831421738417
AOI-0014,2025-08-12,0.27025123351063624
AOI-0014,2025-08-15,0.30669442308386896
AOI-0014,2025-08-24,0.19721849634913663
AOI-0014,2025-09-11,0.15175079048033419
AOI-0014,2025-09-14,0.2941338261702953
AOI-0014,2025-09-23,0.1868438058417264
AOI-0014,2025-09-24,0.23022323544443973
AOI-0015,2025-05-04,0.36336926207509423
AOI-0015,2025-05-27,0.5307429312209749
AOI-0015,2025-06-07,0.41164452736890395
AOI-0015,2025-07-03,0.21294748493451704
AOI-0015,2025-07-05,0.37595363296995127
AOI-0015,2025-07-08,0.29806629757532127
AOI-0015,2025-07-13,0.24448927327678996
AOI-0015,2025-07-15,0.22454334103684362
AOI-0015,2025-07-18,0.21401610626096926
AOI-0015,2025-07-21,0.33762900633614024
AOI-0015,2025-07-23,0.23717204997476538
AOI-0015,2025-09-07,0.23119225539957758
AOI-0015,2025-10-13,0.1705515208672363
AOI-0015,2025-10-16,0.2915741258421807
AOI-0015,2025-10-18,0.23331689727081645
AOI-0016,2025-04-19,0.2711118826504807
AOI-0016,2025-05-25,0.478446842488327
AOI-0016,2025-06-11,0.5819733093374432
AOI-0016,2025-06-26,0.781276502898987
AOI-0016,2025-07-10,0.7984965213697487
AOI-0016,2025-07-17,0.6195064926626794
AOI-0016,2025-07-18,0.6973865858318216
AOI-0016,2025-08-19,0.37785709755781893
AOI-0016,2025-08-29,0.3088328680522045
AOI-0016,2025-10-17,0.2943993297967859
AOI-0017,2010-06-10,0.5827799163959649
AOI-0017,2010-07-29,0.6362447401625781
AOI-0017,2010-09-23,0.40521087465645633
AOI-0017,2011-04-18,0.35990128105803426
AOI-0017,2011-09-17,0.5157578504496436
AOI-0017,2011-09-26,0.5650806565620599
AOI-0017,2011-09-30,0.45944174055927894
AOI-0017,2011-10-11,0.5026537188067046
AOI-0017,2011-10-27,0.5375041017978437
AOI-0017,2012-07-18,0.6480656649178318
AOI-0017,2012-07-27,0.44567010780813826
AOI-0017,2012-08-28,0.4287268806642604
AOI-0017,2012-09-29,0.42601032121131577
AOI-0017,2013-05-25,0.665277720717399
AOI-0017,2013-07-12,0.4762391995306609
AOI-0017,2013-08-14,0.4772679124646819
AOI-0017,2013-09-14,0.5356136011975794
AOI-0017,2013-09-30,0.5567680855829759
AOI-0017,2013-10-09,0.6933798013757339
AOI-0017,2013-10-25,0.5435036639080099
AOI-0017,2014-04-23,0.6986424592944351
AOI-0017,2014-06-06,0.6076831267618729
AOI-0017,2014-07-24,0.4406288178006746
AOI-0017,2014-10-04,0.48403232118003453
AOI-0017,2015-04-23,0.501170918526313
AOI-0017,2015-04-30,0.46196162207107005
AOI-0017,2015-07-11,0.7094264898538453
AOI-0017,2015-07-27,0.6445903404848671
AOI-0017,2015-08-03,0.5273751188369519
AOI-0017,2015-08-29,0.39139356632151795
AOI-0017,2015-10-16,0.3838834127859382
AOI-0017,2016-04-06,0.5261280063401588
AOI-0017,2016-04-07,0.41760133902092056
AOI-0017,2016-06-18,0.6226651701197025
AOI-0017,2016-07-05,0.55866044288236
AOI-0017,2016-07-27,0.5372087831522472
AOI-0017,2016-08-21,0.5110843803303302
AOI-0017,2016-09-15,0.5275961410976141
AOI-0017,2016-10-15,0.4457845001740722
AOI-0017,2016-10-17,0.5500135431967049
AOI-0017,2017-06-06,0.6574740198402831
AOI-0017,2017-07-31,0.703609768517121
AOI-0017,2017-08-01,0.6292911781686621
AOI-0017,2017-09-02,0.5713640725354048
AOI-0017,2018-04-05,0.3941708598475836
AOI-0017,2018-05-09,0.6209737740015193
AOI-0017,2018-05-23,0.6171395421974709
AOI-0017,2018-06-20,0.5443079138264103
AOI-0017,2018-07-11,0.4830426068650723
AOI-0017,2018-07-12,0.45985204107240735
AOI-0017,2019-04-25,0.4627650522296004
AOI-0017,2019-04-28,0.46124740665097563
AOI-0017,2019-05-13,0.5285626937607837
AOI-0017,2019-05-18,0.6390894973948475
AOI-0017,2019-05-28,0.6621454134472079
AOI-0017,2019-06-04,0.6855727959013704
AOI-0017,2019-06-12,0.6763516391405766
AOI-0017,2019-06-17,0.631582192596046
AOI-0017,2019-07-17,0.5989299879507658
AOI-0017,2019-08-06,0.6575262535569145
AOI-0017,2019-08-11,0.6679523725032852
AOI-0017,2019-08-24,0.4489559733782723
AOI-0017,2019-08-29,0.5330240899296738
AOI-0017,2019-08-31,0.5479170916799105
AOI-0017,2019-09-13,0.5322264179745062
AOI-0017,2020-04-25,0.37159668797385903
AOI-0017,2020-04-30,0.43939382593184256
AOI-0017,2020-05-08,0.6478319179955492
AOI-0017,2020-06-06,0.6284598716850719
AOI-0017,2020-06-26,0.5482040825579975
AOI-0017,2020-07-26,0.4256981165912729
AOI-0017,2020-08-18,0.430554758476356
AOI-0017,2020-09-02,0.4559393958177966
AOI-0017,2020-09-04,0.4380798315499835
AOI-0017,2020-09-09,0.5166084376433628
AOI-0017,2020-09-10,0.4278776494205334
AOI-0017,2020-09-19,0.4053441722202404
AOI-0017,2020-10-12,0.3256746790823874
AOI-0017,2021-04-07,0.36797894139908244
AOI-0017,2021-05-20,0.4995596666682774
AOI-0017,2021-07-02,0.6689686685781238
AOI-0017,2021-08-29,0.46651793648805684
AOI-0017,2021-09-04,0.5370719852614729
AOI-0017,2021-09-27,0.45806919852594985
AOI-0017,2021-10-06,0.44145352798781823
AOI-0017,2021-10-27,0.5277165927914634
AOI-0017,2022-04-17,0.6352725669537153
AOI-0017,2022-04-23,0.695420946365758
AOI-0017,2022-05-26,0.6659870061772772
AOI-0017,2022-05-27,0.6446360257516165
AOI-0017,2022-06-03,0.6351024139390401
AOI-0017,2022-06-11,0.6234421324001922
AOI-0017,2022-06-30,0.636344792964817
AOI-0017,2022-07-12,0.5306448079868735
AOI-0017,2022-07-19,0.5735262326067528
AOI-0017,2022-07-24,0.5353979481967628
AOI-0017,2022-08-07,0.5851033183342613
AOI-0017,2022-08-14,0.5810691438034485
AOI-0017,2022-08-15,0.5362472121097018
AOI-0017,2022-08-23,0.5605103001363185
AOI-0017,2022-08-30,0.5076064407261858
AOI-0017,2022-09-17,0.32864402317227515
AOI-0017,2022-10-19,0.5076967684404985
AOI-0017,2023-04-02,0.513169878254098
AOI-0017,2023-05-06,0.6228444749906232
AOI-0017,2023-06-11,0.6513710885599003
AOI-0017,2023-06-19,0.6574175923243426
AOI-0017,2023-06-22,0.6688368729880902
AOI-0017,2023-07-24,0.6349685925394639
AOI-0017,2023-09-19,0.5032803333006584
AOI-0017,2023-10-12,0.3434159689455812
AOI-0017,2023-10-16,0.3498740814922418
AOI-0017,2023-10-21,0.2649147635097662
AOI-0017,2024-04-04,0.5024940868535395
AOI-0017,2024-06-05,0.2811642634288104
AOI-0017,2024-06-13,0.26435296315660384
AOI-0017,2024-06-28,0.2108079083331794
AOI-0017,2024-07-19,0.27461327908657035
AOI-0017,2024-08-22,0.21955184496036037
AOI-0017,2024-09-01,0.2590492154390773
AOI-0017,2024-09-21,0.29003717272392776
AOI-0017,2024-09-29,0.29073139474156645
AOI-0017,2024-10-08,0.17497281749562296
AOI-0017,2024-10-22,0.37152194576282316
AOI-0017,2025-05-04,0.8506369450455161
AOI-0017,2025-05-27,0.7589584277598013
AOI-0017,2025-06-07,0.6243307921244983
AOI-0017,2025-06-28,0.3457498463289803
AOI-0017,2025-07-07,0.27965986292646666
AOI-0017,2025-08-23,0.23418194126500175
AOI-0017,2025-09-01,0.14439557913395817
AOI-0017,2025-10-02,0.3085325092248877
AOI-0018,2025-04-19,0.8357420673345284
AOI-0018,2025-05-27,0.6605857603486482
AOI-0018,2025-06-13,0.3015165454633156
AOI-0018,2025-06-15,0.30470292998467996
AOI-0018,2025-07-05,0.277817332357623
AOI-0018,2025-07-07,0.2576712009415427
AOI-0018,2025-07-14,0.3007501391676582
AOI-0018,2025-07-21,0.3783577426559689
AOI-0018,2025-08-19,0.1835597203392321
AOI-0018,2025-08-27,0.1610720502257617
AOI-0018,2025-09-08,0.16286652231818952
AOI-0018,2025-09-24,0.2403480160755976
AOI-0018,2025-10-17,0.2642618440080855
AOI-0019,2025-04-14,0.513554436327216
AOI-0019,2025-04-17,0.5637062176104873
AOI-0019,2025-04-28,0.5849480373080341
AOI-0019,2025-05-14,0.5881572090520342
AOI-0019,2025-05-25,0.6600227967293891
AOI-0019,2025-06-15,0.37126850389172034
AOI-0019,2025-06-27,0.3945802958953824
AOI-0019,2025-06-30,0.34464981304796255
AOI-0019,2025-07-10,0.30555832449620923
AOI-0019,2025-07-14,0.3190865452123711
AOI-0019,2025-08-14,0.4285208055260654
AOI-0019,2025-08-31,0.22528231131155024
AOI-0019,2025-09-15,0.2215381067186363
AOI-0019,2025-09-23,0.2201824022516395
AOI-0019,2025-09-24,0.25345858302147245
AOI-0019,2025-10-18,0.23825237239619268
AOI-0020,2025-04-18,0.23821900407234756
AOI-0020,2025-04-23,0.4938682181795029
AOI-0020,2025-05-03,0.4298492629663413
AOI-0020,2025-06-03,0.6366105401173826
AOI-0020,2025-06-11,0.6005638857974365
AOI-0020,2025-07-12,0.36956947370804794
AOI-0020,2025-07-21,0.4149981716234231
AOI-0020,2025-07-29,0.32529530691574515
AOI-0020,2025-07-30,0.27269410154214313
AOI-0020,2025-08-19,0.2416138970456333
AOI-0020,2025-10-13,0.1546097792009582
AOI-0021,2025-04-28,0.3985351300597174
AOI-0021,2025-05-27,0.6092076258448239
AOI-0021,2025-06-03,0.5604923656513792
AOI-0021,2025-07-06,0.39489544214603334
AOI-0021,2025-07-18,0.30081934353284445
AOI-0021,2025-07-29,0.34406287688587134
AOI-0021,2025-08-07,0.2708638851743195
AOI-0021,2025-08-22,0.23813859418842226
AOI-0021,2025-08-30,0.25876424792283864
AOI-0021,2025-09-15,0.2258307790002145
AOI-0021,2025-09-24,0.2503556904801592
AOI-0021,2025-10-03,0.1837658186350977
AOI-0022,2025-04-01,0.4495239566600742
AOI-0022,2025-05-03,0.8170783209881324
AOI-0022,2025-05-06,0.8377029188703287
AOI-0022,2025-05-25,0.7993676899523092
AOI-0022,2025-05-28,0.8255941802084696
AOI-0022,2025-07-08,0.1729153498514179
AOI-0022,2025-07-17,0.17912555441130967
AOI-0022,2025-07-21,0.2271683566128216
AOI-0022,2025-08-27,0.15734334611723422
AOI-0022,2025-08-31,0.1960554687137028
AOI-0022,2025-09-23,0.16510380618472123
AOI-0022,2025-09-24,0.20377480930975417
AOI-0022,2025-09-30,0.24030053907377247
AOI-0023,2025-04-16,0.20059813881963873
AOI-0023,2025-04-17,0.22400872068456498
AOI-0023,2025-04-24,0.20286878510262793
AOI-0023,2025-05-01,0.19203507736022452
AOI-0023,2025-05-04,0.18661169705355246
AOI-0023,2025-06-27,0.7612758457699359
AOI-0023,2025-07-05,0.7342979991381017
AOI-0023,2025-07-14,0.3701957802919938
AOI-0023,2025-07-15,0.3087590526856852
AOI-0023,2025-08-14,0.14870684867023073
AOI-0023,2025-08-22,0.15049097844197457
AOI-0023,2025-08-30,0.18760598434201842
AOI-0023,2025-09-21,0.14853120823065066
AOI-0023,2025-09-23,0.1757942839536698
AOI-0023,2025-10-17,0.2272721334573408
AOI-0024,2025-04-07,0.38209366447972243
AOI-0024,2025-04-23,0.35941568943978475
AOI-0024,2025-05-25,0.4970813043399977
AOI-0024,2025-05-28,0.2563879421018085
AOI-0024,2025-06-05,0.2988619926540545
AOI-0024,2025-07-03,0.4326084129418827
AOI-0024,2025-07-21,0.43004891466935213
AOI-0024,2025-07-25,0.3477122484054668
AOI-0024,2025-08-06,0.329642962708666
AOI-0024,2025-08-09,0.2550894649315099
AOI-0024,2025-09-14,0.3105963290911436
AOI-0024,2025-09-21,0.19517323098091968
AOI-0024,2025-09-30,0.2876249409713102
AOI-0024,2025-10-02,0.23391704326378637
AOI-0024,2025-10-18,0.18587847129542678
AOI-0025,2025-04-14,0.16792637533887117
AOI-0025,2025-04-23,0.3943800846731367
AOI-0025,2025-04-24,0.1890489112331931
AOI-0025,2025-04-29,0.1687655395326002
AOI-0025,2025-05-09,0.4215131647982043
AOI-0025,2025-06-03,0.1766209302377407
AOI-0025,2025-06-13,0.20105620511032585
AOI-0025,2025-06-27,0.24613653092621318
AOI-0025,2025-07-21,0.24890459489906724
AOI-0025,2025-08-07,0.13494953278106617
AOI-0025,2025-08-30,0.1966357424476745
AOI-0025,2025-09-07,0.20641509439890524
AOI-0025,2025-09-14,0.2757560341085878
AOI-0025,2025-10-17,0.4845366724417479
AOI-0026,2025-04-07,0.7556748895876043
AOI-0026,2025-04-24,0.8509102507093191
AOI-0026,2025-05-09,0.8966812080155021
AOI-0026,2025-06-13,0.6317315328415826
AOI-0026,2025-07-08,0.26679923437353553
AOI-0026,2025-07-10,0.23518836431039086
AOI-0026,2025-07-12,0.26575838760292336
AOI-0026,2025-07-13,0.1889198853543221
AOI-0026,2025-07-18,0.14383697106628718
AOI-0026,2025-07-30,0.13751664452111728
AOI-0026,2025-08-19,0.12886367068651794
AOI-0026,2025-09-08,0.1284118700721103
AOI-0026,2025-09-23,0.16527908845962028
AOI-0026,2025-09-30,0.280638161842303
AOI-0027,2025-04-16,0.7715755589913413
AOI-0027,2025-04-24,0.8180262153652471
AOI-0027,2025-06-13,0.5771889796722125
AOI-0027,2025-06-27,0.4128196921207877
AOI-0027,2025-07-05,0.3740737832374772
AOI-0027,2025-07-12,0.43526187088903534
AOI-0027,2025-07-13,0.23450946703670023
AOI-0027,2025-07-23,0.24022595843596795
AOI-0027,2025-07-29,0.3258069073895057
AOI-0027,2025-08-19,0.2748993934227678
AOI-0027,2025-08-30,0.269070700467582
AOI-0027,2025-09-16,0.24870189254641906
AOI-0027,2025-10-16,0.5957454828815184
AOI-0028,2010-04-07,0.7163952057656664
AOI-0028,2010-04-15,0.7248963682965384
AOI-0028,2010-10-24,0.1825742221501533
AOI-0028,2011-05-25,0.492294761409227
AOI-0028,2011-07-28,0.6287131335667816
AOI-0028,2011-08-08,0.528212935013291
AOI-0028,2011-10-11,0.19751125592809438
AOI-0028,2012-04-22,0.7695123158079968
AOI-0028,2012-09-27,0.1520573327304529
AOI-0028,2012-10-15,0.26585836231951226
AOI-0028,2013-04-07,0.2818081559013361
AOI-0028,2013-06-10,0.32426039105838944
AOI-0028,2013-06-26,0.2367740945320291
AOI-0028,2013-08-29,0.2707953372492019
AOI-0028,2014-04-07,0.663940465526232
AOI-0028,2014-05-04,0.9020588273781782
AOI-0028,2014-07-28,0.2705572914611285
AOI-0028,2014-10-11,0.21172002240165336
AOI-0028,2015-04-13,0.2006450375059398
AOI-0028,2015-08-27,0.2841812431803671
AOI-0028,2015-09-28,0.20049548164436506
AOI-0028,2016-04-07,0.6824261255088039
AOI-0028,2016-04-23,0.8261037707022509
AOI-0028,2016-06-09,0.6150462361633203
AOI-0028,2016-06-10,0.7932973872245184
AOI-0028,2016-06-25,0.32216843964878905
AOI-0028,2016-07-27,0.2849961069381293
AOI-0028,2016-09-06,0.14904427457837657
AOI-0028,2017-04-26,0.30407230273963237
AOI-0028,2017-07-23,0.19575952271784472
AOI-0028,2017-08-09,0.1494179537505516
AOI-0028,2017-08-13,0.23866978344009054
AOI-0028,2017-08-29,0.16847507964638592
AOI-0028,2017-09-17,0.2511732188073289
AOI-0028,2018-05-11,0.9159909744354899
AOI-0028,2018-08-19,0.2157831029178239
AOI-0028,2018-08-29,0.21485529582083251
AOI-0028,2018-09-12,0.1819775827176696
AOI-0028,2018-10-08,0.14539812570685953
AOI-0028,2019-04-06,0.12191786048672856
AOI-0028,2019-05-02,0.2636120626248423
AOI-0028,2019-05-25,0.39501538811425374
AOI-0028,2019-06-27,0.1580616543750591
AOI-0028,2019-08-09,0.17810175924102947
AOI-0028,2019-08-24,0.1119675864683048
AOI-0028,2019-10-17,0.6107029962691428
AOI-0028,2020-04-25,0.865747687403657
AOI-0028,2020-05-04,0.8764063605860792
AOI-0028,2020-05-08,0.8782412085426325
AOI-0028,2020-05-30,0.8550760802515808
AOI-0028,2020-07-14,0.14838910493774327
AOI-0028,2020-08-03,0.10514419887552448
AOI-0028,2020-08-08,0.1387896955151597
AOI-0028,2020-09-02,0.1435817103495389
AOI-0028,2020-09-13,0.21704848411859964
AOI-0028,2021-06-14,0.7303459600717628
AOI-0028,2021-06-16,0.7691549965491675
AOI-0028,2021-06-24,0.8096546111688081
AOI-0028,2021-06-26,0.8075966346079603
AOI-0028,2021-07-24,0.7679863975422202
AOI-0028,2021-10-27,0.3371567204351894
AOI-0028,2022-04-07,0.6863952785690166
AOI-0028,2022-04-23,0.8111653967399622
AOI-0028,2022-06-09,0.8793604853908155
AOI-0028,2022-06-29,0.33693566638184813
AOI-0028,2022-07-28,0.2921045175441197
AOI-0028,2022-08-03,0.11078087741227642
AOI-0028,2022-08-08,0.13236808886405918
AOI-0028,2022-08-30,0.17567858804272662
AOI-0028,2022-10-01,0.21085519014226722
AOI-0028,2023-04-07,0.32885784603087004
AOI-0028,2023-04-11,0.2336787579052075
AOI-0028,2023-05-05,0.22841681473364417
AOI-0028,2023-05-09,0.4263666835111977
AOI-0028,2023-06-09,0.18521046991773013
AOI-0028,2023-08-06,0.21051620576138658
AOI-0028,2023-08-23,0.13695489706760622
AOI-0028,2023-08-29,0.2265768703163219
AOI-0028,2023-09-22,0.1655353028016677
AOI-0028,2023-09-24,0.17152206005953666
AOI-0028,2023-09-30,0.2526746793896967
AOI-0028,2024-05-07,0.8899339642278005
AOI-0028,2024-05-23,0.8623431004636458
AOI-0028,2024-05-24,0.8057244784905871
AOI-0028,2024-07-27,0.22425169308804926
AOI-0028,2024-08-03,0.18407889245463263
AOI-0028,2024-08-12,0.14935808193923963
AOI-0028,2024-09-11,0.10336157779003263
AOI-0028,2024-09-16,0.12298702643703148
AOI-0028,2025-04-07,0.36909526950942884
AOI-0028,2025-05-24,0.6028433391255938
AOI-0028,2025-05-31,0.5765935793828488
AOI-0028,2025-06-11,0.7305400603301218
AOI-0028,2025-06-26,0.5360529010087887
AOI-0028,2025-06-27,0.6300397377277299
AOI-0028,2025-07-10,0.25758885696493744
AOI-0028,2025-07-13,0.22178802985708787
AOI-0028,2025-07-23,0.14584062887024898
AOI-0028,2025-08-13,0.20972753274232364
AOI-0028,2025-09-08,0.12734047461287382
AOI-0028,2025-09-11,0.13995529899932763
AOI-0028,2025-10-16,0.22303455664440514
AOI-0028,2025-10-28,0.2896360543704212
AOI-0029,2025-04-04,0.4795875329288116
AOI-0029,2025-04-24,0.8425157232385573
AOI-0029,2025-06-08,0.7736906168865427
AOI-0029,2025-06-10,0.5057923111420543
AOI-0029,2025-06-11,0.7152572309479219
AOI-0029,2025-06-13,0.5328432586369547
AOI-0029,2025-07-29,0.18145919752192796
AOI-0029,2025-08-02,0.08099723478712689
AOI-0029,2025-08-19,0.12053962738831049
AOI-0029,2025-09-11,0.12856216591434133
AOI-0029,2025-09-16,0.12732532690251389
AOI-0030,2025-04-21,0.5415250200067143
AOI-0030,2025-04-24,0.6144231885217853
AOI-0030,2025-06-10,0.6661483711043628
AOI-0030,2025-08-07,0.6684401090231746
AOI-0031,2010-06-04,0.538824046640498
AOI-0031,2010-09-14,0.20209111930680507
AOI-0031,2011-04-23,0.30601332390495967
AOI-0031,2011-06-10,0.4600102615337432
AOI-0031,2011-07-09,0.22656898211752488
AOI-0031,2011-08-11,0.19975172155068538
AOI-0031,2011-08-18,0.1893021912432876
AOI-0031,2011-08-19,0.181068798358549
AOI-0031,2011-09-19,0.2320309016561642
AOI-0031,2012-04-06,0.22213933626202126
AOI-0031,2012-04-15,0.16138139754336198
AOI-0031,2013-04-07,0.5422246152331944
AOI-0031,2013-05-09,0.6542447140479914
AOI-0031,2013-05-12,0.6656744546762213
AOI-0031,2013-05-25,0.5263398527322607
AOI-0031,2013-06-12,0.2289363025339741
AOI-0031,2013-06-28,0.1873112452169749
AOI-0031,2013-07-23,0.1956369517427784
AOI-0031,2013-08-13,0.24536814389482045
AOI-0031,2013-10-16,0.3267616565313016
AOI-0031,2014-05-23,0.399693620106721
AOI-0031,2014-06-23,0.30414981005890274
AOI-0031,2014-07-17,0.18980153630077432
AOI-0031,2014-07-28,0.2107448247623859
AOI-0031,2014-08-02,0.1549055799894798
AOI-0031,2014-08-13,0.20043554034007055
AOI-0031,2014-10-14,0.16435200580762355
AOI-0031,2015-09-22,0.2020489129740769
AOI-0031,2015-10-16,0.22254966372721247
AOI-0031,2016-04-01,0.2595582385183542
AOI-0031,2016-04-17,0.40445043439435197
AOI-0031,2016-04-22,0.5819362232750931
AOI-0031,2016-05-03,0.6576421399879888
AOI-0031,2016-05-24,0.7142077934966611
AOI-0031,2016-06-09,0.5122152751598931
AOI-0031,2016-06-12,0.6372557589314661
AOI-0031,2016-06-20,0.3551844096707184
AOI-0031,2016-06-25,0.28042396547139803
AOI-0031,2016-07-30,0.2671788709329304
AOI-0031,2017-05-06,0.697449871076829
AOI-0031,2017-06-07,0.6325372562244121
AOI-0031,2017-08-03,0.17717173668098019
AOI-0031,2017-08-13,0.2056850250350354
AOI-0031,2017-09-04,0.18718807036426707
AOI-0031,2017-09-22,0.2826505283753833
AOI-0031,2018-04-23,0.5883110213809448
AOI-0031,2018-05-02,0.7049133468603779
AOI-0031,2018-05-18,0.6000990217446557
AOI-0031,2018-06-03,0.31316651638921505
AOI-0031,2018-06-10,0.2310979773131793
AOI-0031,2018-06-11,0.24517817807391334
AOI-0031,2018-07-13,0.31527841185987593
AOI-0031,2018-09-06,0.24479315153387987
AOI-0031,2018-09-14,0.21008189807065686
AOI-0031,2018-10-07,0.19125992592408506
AOI-0031,2018-10-12,0.20881493371293874
AOI-0031,2019-04-10,0.4528143019937054
AOI-0031,2019-06-14,0.18854423337161708
AOI-0031,2019-06-22,0.15303007489356268
AOI-0031,2019-07-09,0.10174975221879352
AOI-0031,2019-07-23,0.2932153945982875
AOI-0031,2019-08-08,0.47215930356790886
AOI-0031,2019-08-31,0.23241104073686983
AOI-0031,2019-09-17,0.19274609302446963
AOI-0031,2019-10-03,0.2654182407269369
AOI-0031,2019-10-10,0.407277968176493
AOI-0031,2019-10-12,0.19088290477982345
AOI-0031,2019-10-22,0.5447731653373156
AOI-0031,2020-04-13,0.44814663453602466
AOI-0031,2020-06-01,0.31726997356360453
AOI-0031,2020-06-06,0.5240083921364966
AOI-0031,2020-07-11,0.15667623231498656
AOI-0031,2020-07-18,0.1438310856137796
AOI-0031,2020-07-28,0.1289605677110163
AOI-0031,2020-08-07,0.12744421742886075
AOI-0031,2020-08-17,0.12289282884768406
AOI-0031,2020-08-22,0.12782375475575677
AOI-0031,2020-09-27,0.1536978530864509
AOI-0031,2020-10-13,0.183236451669321
AOI-0031,2020-10-19,0.09827053216671566
AOI-0031,2020-10-21,0.1601227694029107
AOI-0031,2021-04-07,0.24879367713871114
AOI-0031,2021-05-17,0.291481248428157
AOI-0031,2021-06-11,0.1469729345034184
AOI-0031,2021-07-01,0.13509077635666966
AOI-0031,2021-07-16,0.10100763342912772
AOI-0031,2021-07-21,0.13089931791409518
AOI-0031,2021-08-06,0.17635350180193343
AOI-0031,2021-08-25,0.1507936011551908
AOI-0031,2021-08-30,0.14044866188512067
AOI-0031,2022-05-14,0.8455732238729454
AOI-0031,2022-06-10,0.5892061854137353
AOI-0031,2022-06-11,0.725924751833681
AOI-0031,2022-06-20,0.3974975252963738
AOI-0031,2022-06-21,0.3607853290700032
AOI-0031,2022-07-08,0.20226941663942896
AOI-0031,2022-07-12,0.2269694037155048
AOI-0031,2022-09-08,0.13110326654053323
AOI-0031,2022-09-09,0.12344209154531822
AOI-0031,2022-09-10,0.1655095990212841
AOI-0031,2022-09-11,0.125518133189925
AOI-0031,2022-09-26,0.1421854905658788
AOI-0031,2022-09-29,0.14179940268709482
AOI-0031,2023-04-04,0.30950943834531247
AOI-0031,2023-04-27,0.41707954113586326
AOI-0031,2023-05-17,0.4269924251030587
AOI-0031,2023-06-17,0.3235657955857672
AOI-0031,2023-06-23,0.22802527628861993
AOI-0031,2023-06-26,0.25953250088841934
AOI-0031,2023-07-11,0.32013839425739915
AOI-0031,2023-08-15,0.24292602692655912
AOI-0031,2023-09-19,0.15579938493637258
AOI-0031,2023-09-20,0.21420060589503895
AOI-0031,2023-09-30,0.22979531109835583
AOI-0031,2023-10-15,0.20915170716286216
AOI-0031,2023-10-24,0.16080157474418483
AOI-0031,2024-05-03,0.19526521370713298
AOI-0031,2024-06-02,0.18915008584441056
AOI-0031,2024-07-02,0.1329278098003398
AOI-0031,2024-07-10,0.12669071931908613
AOI-0031,2024-07-13,0.1771976611552462
AOI-0031,2024-08-09,0.1268663882360286
AOI-0031,2024-08-16,0.13213578482802918
AOI-0031,2024-08-26,0.12358201403054096
AOI-0031,2025-04-19,0.5120762015103255
AOI-0031,2025-04-23,0.6006741688223229
AOI-0031,2025-06-21,0.509132178649727
AOI-0031,2025-07-12,0.2517382317053525
AOI-0031,2025-07-15,0.2071056280077044
AOI-0031,2025-08-06,0.18512994247026066
AOI-0031,2025-08-09,0.18069859616259867
AOI-0031,2025-09-08,0.1305662985262104
AOI-0031,2025-09-15,0.15132596883563626
AOI-0031,2025-09-17,0.19245065797128333
AOI-0031,2025-10-02,0.19571788372271037
AOI-0031,2025-10-22,0.21999196992134773
AOI-0032,2010-06-04,0.24820128739374545
AOI-0032,2010-06-10,0.28767304647959663
AOI-0032,2010-06-20,0.18483833298621993
AOI-0032,2010-07-12,0.22493932125498065
AOI-0032,2010-08-16,0.13377056391046627
AOI-0032,2010-09-14,0.2076367892530404
AOI-0032,2010-09-30,0.20795557411085325
AOI-0032,2011-07-12,0.2927172249168848
AOI-0032,2011-08-29,0.2955798943904744
AOI-0032,2011-09-11,0.1651676672941968
AOI-0032,2011-09-28,0.17064322565018578
AOI-0032,2012-04-06,0.25574514864167414
AOI-0032,2012-05-01,0.42508604962532287
AOI-0032,2012-06-25,0.2909240664470028
AOI-0032,2012-10-08,0.16630855317194965
AOI-0032,2013-05-19,0.45708827024716053
AOI-0032,2013-05-20,0.4090798814002275
AOI-0032,2013-06-10,0.3407682440295978
AOI-0032,2013-06-12,0.279421965038811
AOI-0032,2013-06-13,0.3004236498588729
AOI-0032,2013-07-22,0.3585284936945479
AOI-0032,2013-07-30,0.31425184875519835
AOI-0032,2013-08-13,0.263139490404924
AOI-0032,2013-08-29,0.2164733671558266
AOI-0032,2013-09-14,0.28636541882952565
AOI-0032,2014-06-16,0.2797615637224794
AOI-0032,2014-06-26,0.23826500927843322
AOI-0032,2014-07-12,0.18923517422395653
AOI-0032,2014-09-03,0.13018166960407251
AOI-0032,2015-04-23,0.260937841058585
AOI-0032,2015-06-18,0.44615744164006776
AOI-0032,2015-07-13,0.3260713359812648
AOI-0032,2015-09-15,0.1803829566384952
AOI-0032,2015-09-23,0.21930568128570932
AOI-0032,2015-09-30,0.20020715950453188
AOI-0032,2016-04-06,0.29713998423310606
AOI-0032,2016-04-10,0.17838852703254482
AOI-0032,2016-05-03,0.2120620959706379
AOI-0032,2016-06-09,0.3099927724680264
AOI-0032,2016-06-28,0.21842347499583306
AOI-0032,2016-07-15,0.1494222452773524
AOI-0032,2016-07-30,0.20502515787661132
AOI-0032,2016-08-16,0.14944485463337273
AOI-0032,2016-09-09,0.19111775489471972
AOI-0032,2016-10-18,0.44928611497564397
AOI-0032,2017-04-04,0.4020352751125537
AOI-0032,2017-04-28,0.7148606717511261
AOI-0032,2017-05-09,0.8048351035210867
AOI-0032,2017-07-02,0.22313171985438768
AOI-0032,2017-08-02,0.19173877906175843
AOI-0032,2017-08-11,0.14121092349539127
AOI-0032,2017-08-19,0.13034710038004463
AOI-0032,2017-08-27,0.16602178358101086
AOI-0032,2017-09-03,0.16424411326113042
AOI-0032,2017-09-12,0.15699422659501963
AOI-0032,2018-04-15,0.21308303462092498
AOI-0032,2018-06-10,0.16177980718797771
AOI-0032,2018-06-19,0.14216955024211925
AOI-0032,2018-09-14,0.1691899049692035
AOI-0032,2018-09-23,0.15637152989849867
AOI-0032,2018-09-30,0.22786127832517863
AOI-0032,2018-10-07,0.21635786450677905
AOI-0032,2018-10-12,0.2557273382880617
AOI-0032,2019-04-26,0.6823545317450751
AOI-0032,2019-04-28,0.6872303011306254
AOI-0032,2019-05-18,0.8029438130860662
AOI-0032,2019-05-20,0.774140186794562
AOI-0032,2019-05-30,0.7012173699378498
AOI-0032,2019-06-14,0.2453218979231014
AOI-0032,2019-06-19,0.17745197630958404
AOI-0032,2019-07-23,0.1550247847506712
AOI-0032,2019-09-25,0.12146546526203152
AOI-0032,2019-10-05,0.1178128876109745
AOI-0032,2019-10-11,0.2284727707085481
AOI-0032,2019-10-25,0.2690953731669483
AOI-0032,2019-10-28,0.33540273131999804
AOI-0032,2020-05-27,0.38294300105911777
AOI-0032,2020-05-30,0.3955961211552973
AOI-0032,2020-06-24,0.20047893458152238
AOI-0032,2020-06-26,0.17718865547455023
AOI-0032,2020-08-05,0.12391917458831302
AOI-0032,2020-08-07,0.12048759229865758
AOI-0032,2020-09-13,0.18409910772814925
AOI-0032,2020-09-28,0.11013355911668471
AOI-0032,2020-09-29,0.1591974573762838
AOI-0032,2020-10-05,0.13669922313932295
AOI-0032,2020-10-06,0.17387758931858646
AOI-0032,2020-10-24,0.17856149423418377
AOI-0032,2021-04-04,0.08718204527066929
AOI-0032,2021-04-23,0.29298490262919596
AOI-0032,2021-05-01,0.19000267158388773
AOI-0032,2021-05-25,0.3220701539544014
AOI-0032,2021-06-18,0.1861225632817331
AOI-0032,2021-07-01,0.1482917007723764
AOI-0032,2021-07-18,0.13410757222559702
AOI-0032,2021-09-06,0.16391721256575556
AOI-0032,2021-09-15,0.15798967599649338
AOI-0032,2021-10-08,0.3210944942585582
AOI-0032,2022-04-26,0.7870666800573523
AOI-0032,2022-05-09,0.8383142212811436
AOI-0032,2022-05-13,0.8585938829350787
AOI-0032,2022-05-29,0.856977875597169
AOI-0032,2022-06-06,0.7687467563533195
AOI-0032,2022-06-13,0.6115701178905031
AOI-0032,2022-06-30,0.2833271015990489
AOI-0032,2022-08-01,0.16451777744936133
AOI-0032,2022-08-02,0.1082601483605856
AOI-0032,2022-08-15,0.10057276410970815
AOI-0032,2022-08-24,0.16044948988661134
AOI-0032,2022-08-29,0.18191674231957475
AOI-0032,2022-09-11,0.12108921508612443
AOI-0032,2023-04-07,0.22937691205967412
AOI-0032,2023-04-12,0.17418415228011716
AOI-0032,2023-05-12,0.2315860250602589
AOI-0032,2023-05-15,0.28984257777710115
AOI-0032,2023-05-24,0.3107875528704908
AOI-0032,2023-06-06,0.469878880006896
AOI-0032,2023-06-18,0.5457820221822378
AOI-0032,2023-07-26,0.33815807058255876
AOI-0032,2023-07-28,0.2930701247234164
AOI-0032,2023-08-08,0.24558334099345877
AOI-0032,2023-09-01,0.20042444952447433
AOI-0032,2023-09-11,0.20666724665602593
AOI-0032,2023-09-24,0.17990680629520836
AOI-0032,2024-04-07,0.2202392644927689
AOI-0032,2024-05-06,0.19010315776364467
AOI-0032,2024-06-03,0.23811221285651724
AOI-0032,2024-07-12,0.16509382168768383
AOI-0032,2024-07-25,0.15996530042434293
AOI-0032,2024-07-30,0.13484270679671195
AOI-0032,2024-08-22,0.16330566238336278
AOI-0032,2024-08-30,0.15938047894528426
AOI-0032,2024-09-13,0.1501673361710946
AOI-0032,2024-09-18,0.15864561528356855
AOI-0032,2024-10-05,0.12899567829668934
AOI-0032,2024-10-15,0.20988529776063522
AOI-0032,2024-10-23,0.15422808008177824
AOI-0032,2025-05-06,0.6403628144081768
AOI-0032,2025-05-28,0.7212323547871748
AOI-0032,2025-06-30,0.2842472859441007
AOI-0032,2025-07-07,0.20450102210121818
AOI-0032,2025-07-10,0.16995017631890935
AOI-0032,2025-08-13,0.21120905532307024
AOI-0032,2025-08-16,0.15890409178202097
AOI-0032,2025-08-24,0.14791511086167577
AOI-0032,2025-08-31,0.13903176466290873
AOI-0032,2025-09-03,0.12218480887386104
AOI-0032,2025-10-08,0.1338122091062939
AOI-0033,2025-04-28,0.1929903495591997
AOI-0033,2025-05-20,0.29633810585073617
AOI-0033,2025-06-10,0.6072795185267065
AOI-0033,2025-06-22,0.6873401751906492
AOI-0033,2025-07-05,0.46027835644570114
AOI-0033,2025-07-10,0.3178436472703008
AOI-0033,2025-09-15,0.272860100421214
AOI-0034,2025-04-25,0.19419433976557343
AOI-0034,2025-05-06,0.16059964484996486
AOI-0034,2025-05-09,0.336962387030861
AOI-0034,2025-06-10,0.18698556552648765
AOI-0034,2025-06-15,0.1378087938684766
AOI-0034,2025-06-21,0.20554766154607104
AOI-0034,2025-07-07,0.12622678798366596
AOI-0034,2025-07-10,0.1282903863715078
AOI-0034,2025-07-16,0.18455956075449054
AOI-0034,2025-08-31,0.132544855723583
AOI-0034,2025-09-13,0.1440301320543673
AOI-0034,2025-09-23,0.16626424042423543
AOI-0034,2025-10-02,0.2773652151232741
AOI-0034,2025-10-16,0.5910795553260013
AOI-0035,2025-05-16,0.1138495631762968
AOI-0035,2025-05-20,0.2001145340602599
AOI-0035,2025-06-05,0.150654257817629
AOI-0035,2025-06-07,0.14644625270947237
AOI-0035,2025-06-10,0.16958489587454736
AOI-0035,2025-07-30,0.11467645477081514
AOI-0035,2025-08-31,0.11132294224849101
AOI-0035,2025-09-26,0.19174557508945425
AOI-0035,2025-09-28,0.15885488429559844
AOI-0035,2025-10-02,0.18204000108570922
AOI-0035,2025-10-30,0.6251474436283879
AOI-0036,2025-05-16,0.5571546875084563
AOI-0036,2025-07-16,0.2597031207749626
AOI-0036,2025-08-01,0.19678723258838016
AOI-0036,2025-08-09,0.17187134413727
AOI-0036,2025-08-23,0.20005270222901578
AOI-0036,2025-10-02,0.19123074231510964
AOI-0037,2025-04-07,0.5568891435881409
AOI-0037,2025-04-16,0.49896779043173684
AOI-0037,2025-05-23,0.6213948484887831
AOI-0037,2025-06-30,0.3729298842665119
AOI-0037,2025-07-14,0.2858187620181801
AOI-0037,2025-07-23,0.3130651831058948
AOI-0037,2025-08-09,0.22799197058169812
AOI-0037,2025-08-16,0.2454088447665453
AOI-0037,2025-09-12,0.21392900771410686
AOI-0037,2025-09-13,0.2121315484864981
AOI-0037,2025-09-23,0.1972186327963488
AOI-0037,2025-09-26,0.24308913490387093
AOI-0037,2025-09-30,0.26640863300577067
AOI-0037,2025-10-05,0.1833059626736968
AOI-0038,2025-04-07,0.5395641592896812
AOI-0038,2025-04-25,0.521535977308838
AOI-0038,2025-06-14,0.451023660185306
AOI-0038,2025-07-10,0.20191895014316408
AOI-0038,2025-07-15,0.20244811453450742
AOI-0038,2025-08-14,0.1392563844523772
AOI-0038,2025-09-02,0.21071646140997488
AOI-0038,2025-10-05,0.15172850283318273
AOI-0038,2025-10-08,0.15464480942072145
AOI-0038,2025-10-16,0.32276710180993773
AOI-0039,2025-05-04,0.711662545134919
AOI-0039,2025-05-08,0.6778686206490141
AOI-0039,2025-05-28,0.6684819515926668
AOI-0039,2025-07-10,0.44427595217319676
AOI-0039,2025-08-06,0.3503358412880534
AOI-0039,2025-08-24,0.3270037154672286
AOI-0039,2025-09-08,0.2747360898237466
AOI-0039,2025-09-12,0.2890087492685959
AOI-0039,2025-09-14,0.3220878250838358
AOI-0039,2025-09-26,0.34484655496106686
AOI-0039,2025-10-23,0.4162401130363564
AOI-0040,2025-04-02,0.3434242419174586
AOI-0040,2025-04-03,0.3686156421191923
AOI-0040,2025-05-06,0.6914202713129759
AOI-0040,2025-06-07,0.7021043546905164
AOI-0040,2025-07-08,0.2441941180371828
AOI-0040,2025-09-12,0.15566373781681828
AOI-0040,2025-09-13,0.14137812877821127
AOI-0040,2025-09-28,0.13794015391670278
AOI-0040,2025-09-30,0.20373486446008754
AOI-0040,2025-10-02,0.16840286069463445
AOI-0041,2025-04-23,0.6275773159599167
AOI-0041,2025-05-20,0.621506573404219
AOI-0041,2025-06-22,0.38819924074850215
AOI-0041,2025-06-27,0.40410456049082616
AOI-0041,2025-07-23,0.3202945134184975
AOI-0041,2025-08-19,0.21672146262927533
AOI-0041,2025-09-30,0.27716227280660677
AOI-0042,2025-04-18,0.1697937442853692
AOI-0042,2025-05-04,0.19662448120971462
AOI-0042,2025-06-13,0.22140064391566122
AOI-0042,2025-07-14,0.14001436181187432
AOI-0042,2025-07-16,0.18505475403523117
AOI-0042,2025-07-24,0.17637217629228139
AOI-0042,2025-08-17,0.1601289023664135
AOI-0042,2025-08-19,0.11863325615140169
AOI-0042,2025-08-24,0.12472656312853334
AOI-0042,2025-08-29,0.1264992795243332
AOI-0042,2025-09-15,0.12258208765149366
AOI-0042,2025-09-17,0.16065532523934467
AOI-0042,2025-10-02,0.17043641240091648
AOI-0043,2025-04-24,0.21142478626770417
AOI-0043,2025-04-29,0.19136938928569852
AOI-0043,2025-05-31,0.17668530785673286
AOI-0043,2025-06-08,0.15820706757037808
AOI-0043,2025-06-15,0.15124086309679885
AOI-0043,2025-06-17,0.15430929032411347
AOI-0043,2025-06-25,0.14077378639010574
AOI-0043,2025-07-07,0.17152533899498026
AOI-0043,2025-07-13,0.14099001989354143
AOI-0043,2025-08-12,0.16923060142458185
AOI-0043,2025-09-24,0.2036216221445071
AOI-0043,2025-10-13,0.15102083174421954
AOI-0043,2025-10-15,0.16935653984393179
AOI-0044,2010-04-16,0.2163041502063056
AOI-0044,2010-04-25,0.29988387624666957
AOI-0044,2010-05-09,0.5021957938976236
AOI-0044,2010-05-18,0.39841117105983587
AOI-0044,2010-06-12,0.4391063678375047
AOI-0044,2010-06-20,0.4462664574897202
AOI-0044,2010-06-28,0.5022255038295959
AOI-0044,2010-07-29,0.2465984171618698
AOI-0044,2010-08-06,0.19287527071065946
AOI-0044,2010-10-16,0.2681958615149137
AOI-0044,2010-10-25,0.15173872484459594
AOI-0044,2011-07-16,0.6927762137519987
AOI-0044,2011-08-01,0.31293031473196437
AOI-0044,2011-08-02,0.29665865380387013
AOI-0044,2011-10-16,0.37825174226834235
AOI-0044,2012-04-06,0.3042478007458715
AOI-0044,2012-05-08,0.6312462521001915
AOI-0044,2013-05-02,0.21059487281901515
AOI-0044,2013-05-03,0.2506016384205749
AOI-0044,2013-05-11,0.2835972269643233
AOI-0044,2014-04-07,0.34261559024411636
AOI-0044,2014-06-06,0.2491610149463174
AOI-0044,2014-06-14,0.260481353926878
AOI-0044,2014-06-23,0.25185918934654394
AOI-0044,2014-08-02,0.17061049832362915
AOI-0044,2014-08-09,0.15827368936176697
AOI-0044,2014-08-29,0.22736886570512588
AOI-0044,2014-09-18,0.21065815038440874
AOI-0044,2014-09-19,0.1683937002134513
AOI-0044,2014-10-04,0.2277033474326041
AOI-0044,2014-10-12,0.1784858891170444
AOI-0044,2014-10-28,0.20280420846318908
AOI-0044,2014-10-29,0.2573088174873456
AOI-0044,2015-06-26,0.43010381153697674
AOI-0044,2015-07-27,0.2273294402128763
AOI-0044,2015-07-28,0.27172824903723575
AOI-0044,2015-08-29,0.21948154562414338
AOI-0044,2015-10-08,0.16682393409944396
AOI-0044,2015-10-16,0.2678900298402698
AOI-0044,2016-04-08,0.47050112523221016
AOI-0044,2016-05-08,0.8436396869033564
AOI-0044,2016-05-11,0.8662052176520755
AOI-0044,2016-06-20,0.38989437091470824
AOI-0044,2016-06-25,0.3775174664595361
AOI-0044,2016-07-13,0.2572606462843491
AOI-0044,2016-07-27,0.35132702628912166
AOI-0044,2016-09-07,0.23340640726041412
AOI-0044,2016-09-13,0.263557803431591
AOI-0044,2016-10-02,0.2084221325884556
AOI-0044,2016-10-26,0.1976757306208635
AOI-0044,2017-04-03,0.1890514118598006
AOI-0044,2017-04-04,0.1814591672202854
AOI-0044,2017-04-12,0.22622250442854464
AOI-0044,2017-06-27,0.2220537808548284
AOI-0044,2017-06-30,0.20748998241538733
AOI-0044,2017-08-10,0.15503100626312022
AOI-0044,2017-09-14,0.27810727877321606
AOI-0044,2018-04-06,0.5703766944647344
AOI-0044,2018-07-12,0.22681634124876707
AOI-0044,2018-07-19,0.17075922364647467
AOI-0044,2018-09-30,0.2019065120686037
AOI-0044,2019-04-25,0.38075673568761903
AOI-0044,2019-04-26,0.3988895169554629
AOI-0044,2019-06-02,0.6953937092445628
AOI-0044,2019-06-12,0.4828484658994455
AOI-0044,2019-06-20,0.27407112187318955
AOI-0044,2019-08-13,0.4195396504892731
AOI-0044,2019-09-10,0.173727469482412
AOI-0044,2019-09-15,0.14838710570382627
AOI-0044,2019-09-16,0.2073694238744643
AOI-0044,2019-10-10,0.16431841624339913
AOI-0044,2020-04-17,0.16954079241837675
AOI-0044,2020-04-22,0.24370321456571337
AOI-0044,2020-05-17,0.19310166693419312
AOI-0044,2020-06-30,0.22824480988110854
AOI-0044,2020-08-10,0.13875809979821593
AOI-0044,2020-09-09,0.15644488893430014
AOI-0044,2020-09-10,0.14935673884515027
AOI-0044,2020-09-26,0.13199051787505026
AOI-0044,2020-09-29,0.16971355892746326
AOI-0044,2020-10-14,0.18292241451288724
AOI-0044,2020-10-21,0.15678643433705924
AOI-0044,2021-05-12,0.6742795620951179
AOI-0044,2021-05-17,0.707541822321842
AOI-0044,2021-05-25,0.772078829955685
AOI-0044,2021-07-16,0.19005281851338016
AOI-0044,2021-07-21,0.14817342320374022
AOI-0044,2021-09-30,0.24098477623093664
AOI-0044,2021-10-07,0.21201991279386015
AOI-0044,2022-05-27,0.7712399718905533
AOI-0044,2022-06-06,0.7421623706391192
AOI-0044,2022-06-12,0.6847672335203323
AOI-0044,2022-07-07,0.2104212447435198
AOI-0044,2022-08-10,0.2222338482363153
AOI-0044,2022-08-13,0.2973093554953837
AOI-0044,2022-08-24,0.2652858464945907
AOI-0044,2022-09-25,0.21535800096765773
AOI-0044,2022-09-30,0.3225088614943541
AOI-0044,2023-04-02,0.1854058163339868
AOI-0044,2023-04-07,0.30881713174464814
AOI-0044,2023-06-06,0.18931086110156722
AOI-0044,2023-06-30,0.2495353469585897
AOI-0044,2023-07-05,0.2003760886460993
AOI-0044,2023-07-09,0.21595821661940295
AOI-0044,2023-07-11,0.13594094606763252
AOI-0044,2023-07-16,0.14547827392034413
AOI-0044,2023-07-25,0.2337648437328435
AOI-0044,2023-08-05,0.13275200190449968
AOI-0044,2023-08-25,0.14423925718398709
AOI-0044,2023-09-30,0.2660829735785157
AOI-0044,2023-10-14,0.22176840650090418
AOI-0044,2024-04-06,0.7558365942598386
AOI-0044,2024-04-14,0.8477522776830322
AOI-0044,2024-06-05,0.5575381328034545
AOI-0044,2024-09-06,0.172609369279712
AOI-0044,2024-09-21,0.17420770835861782
AOI-0044,2025-04-02,0.19693190120986231
AOI-0044,2025-05-20,0.23329890827259364
AOI-0044,2025-07-06,0.20308459421578862
AOI-0044,2025-07-10,0.13567040586410906
AOI-0044,2025-08-14,0.11366740300681777
AOI-0044,2025-09-23,0.14926313396239885
AOI-0044,2025-10-03,0.16171119535922096
AOI-0044,2025-10-15,0.15445555553839596
AOI-0045,2025-04-26,0.20446159696823943
AOI-0045,2025-06-15,0.14788955724861116
AOI-0045,2025-06-27,0.16876762228761813
AOI-0045,2025-06-29,0.2188854579134402
AOI-0045,2025-07-31,0.19297915238585633
AOI-0045,2025-08-13,0.23513952662766033
AOI-0045,2025-08-15,0.20657221217391947
AOI-0045,2025-08-16,0.15356966386827314
AOI-0045,2025-09-30,0.2394414175817498
AOI-0045,2025-10-15,0.15094464444018008
AOI-0046,2010-06-26,0.2957156070947028
AOI-0046,2010-07-12,0.34437850921230745
AOI-0046,2010-09-14,0.42428151578176765
AOI-0046,2011-05-30,0.29373393941171705
AOI-0046,2011-08-17,0.1718053971565871
AOI-0046,2012-04-22,0.36299155480400436
AOI-0046,2012-04-29,0.37854817782055156
AOI-0046,2012-06-09,0.5319755951872497
AOI-0046,2013-04-25,0.20630832198898608
AOI-0046,2013-05-09,0.511172132383416
AOI-0046,2013-06-11,0.5969651947255279
AOI-0046,2013-06-27,0.38300575354378086
AOI-0046,2013-07-21,0.27809553866670733
AOI-0046,2013-07-28,0.37532022459715014
AOI-0046,2013-07-30,0.25569328232471944
AOI-0046,2014-05-25,0.7130535952225322
AOI-0046,2014-05-29,0.7716820340352137
AOI-0046,2014-07-01,0.33280291377723853
AOI-0046,2014-07-12,0.3156108896090116
AOI-0046,2014-08-01,0.20447450417081012
AOI-0046,2014-08-25,0.13977559010195828
AOI-0046,2014-09-19,0.15328599779710644
AOI-0046,2015-05-17,0.26610824718379705
AOI-0046,2015-07-12,0.3593437728502962
AOI-0046,2015-09-22,0.17509912105064437
AOI-0046,2015-10-16,0.22453692546066262
AOI-0046,2016-05-02,0.8446757491283721
AOI-0046,2016-05-10,0.8322911063844787
AOI-0046,2016-05-18,0.8371752826159513
AOI-0046,2016-06-03,0.7734166608439249
AOI-0046,2016-06-09,0.5943349283108549
AOI-0046,2016-07-13,0.18772511677526363
AOI-0046,2016-07-30,0.27054063423974917
AOI-0046,2016-10-02,0.2437632765585777
AOI-0046,2016-10-17,0.2875672960539243
AOI-0046,2016-10-25,0.34229932793511497
AOI-0046,2017-04-13,0.4075227960253204
AOI-0046,2017-06-27,0.43855176257179884
AOI-0046,2017-07-02,0.31566689358813144
AOI-0046,2017-07-24,0.20701282135201865
AOI-0046,2017-08-09,0.19178896306409832
AOI-0046,2017-08-21,0.13942022217931152
AOI-0046,2017-09-10,0.22726523074214564
AOI-0046,2017-09-15,0.26614673666808986
AOI-0046,2017-10-12,0.34679305210381883
AOI-0046,2018-05-09,0.32910244505270864
AOI-0046,2018-06-01,0.198634914695635
AOI-0046,2018-07-20,0.2231804843888675
AOI-0046,2018-08-20,0.16831410576743905
AOI-0046,2018-08-29,0.17955270499540626
AOI-0046,2018-10-15,0.18425140138043397
AOI-0046,2018-10-24,0.18948991726139758
AOI-0046,2019-04-01,0.19799907180090237
AOI-0046,2019-04-18,0.40291060090221364
AOI-0046,2019-05-19,0.7831447568170977
AOI-0046,2019-08-01,0.21080753975441657
AOI-0046,2019-09-01,0.1688076488640944
AOI-0046,2019-10-20,0.4402526738158131
AOI-0046,2020-04-04,0.7783799558823187
AOI-0046,2020-04-07,0.8469315702009387
AOI-0046,2020-05-08,0.8864505651236443
AOI-0046,2020-05-24,0.8462683793856663
AOI-0046,2020-06-09,0.653847584330108
AOI-0046,2020-09-10,0.13863277649845634
AOI-0046,2020-09-13,0.21182927536481783
AOI-0046,2020-09-26,0.12389455934508199
AOI-0046,2020-10-21,0.1364881778440855
AOI-0046,2021-05-02,0.5317637772233076
AOI-0046,2021-05-25,0.842344695404327
AOI-0046,2021-07-11,0.27855759910742584
AOI-0046,2021-07-28,0.28017742258678335
AOI-0046,2021-08-13,0.3675595414295474
AOI-0046,2021-08-20,0.2530706759498345
AOI-0046,2021-08-29,0.4419096255208906
AOI-0046,2021-09-06,0.46777704037132517
AOI-0046,2022-06-05,0.270511436526689
AOI-0046,2022-07-24,0.19312422446326302
AOI-0046,2022-07-29,0.20182460112743647
AOI-0046,2022-07-30,0.23348689835337516
AOI-0046,2022-08-24,0.21058518902388787
AOI-0046,2022-08-30,0.15356705064287246
AOI-0046,2023-04-02,0.525704808793187
AOI-0046,2023-04-29,0.835228986445283
AOI-0046,2023-05-06,0.8789321125716825
AOI-0046,2023-06-21,0.6023413244727474
AOI-0046,2023-06-24,0.5124355719492067
AOI-0046,2023-07-22,0.21434026947535467
AOI-0046,2023-07-25,0.26969843929953363
AOI-0046,2023-08-13,0.22120304728167436
AOI-0046,2023-08-18,0.18166019068629344
AOI-0046,2023-08-25,0.15073954748610227
AOI-0046,2023-08-27,0.18015434283354134
AOI-0046,2023-08-28,0.16476229286711605
AOI-0046,2023-10-13,0.18203782225777182
AOI-0046,2023-10-29,0.3697880941535915
AOI-0046,2024-04-06,0.7003674588843251
AOI-0046,2024-05-08,0.872810070175735
AOI-0046,2024-05-09,0.8639319586568059
AOI-0046,2024-06-01,0.8078439795723232
AOI-0046,2024-06-09,0.5390654584511871
AOI-0046,2024-07-03,0.23995407469558444
AOI-0046,2024-07-19,0.173830807086349
AOI-0046,2024-08-09,0.1386255420102046
AOI-0046,2024-08-20,0.20038129071984787
AOI-0046,2024-08-28,0.2000347693314828
AOI-0046,2024-09-13,0.17039284729905518
AOI-0046,2024-09-22,0.1949593899353822
AOI-0046,2024-10-13,0.12506808935925287
AOI-0046,2025-06-30,0.7232761527497316
AOI-0046,2025-07-15,0.47056906135976484
AOI-0046,2025-08-07,0.43625042961728777
AOI-0046,2025-08-15,0.42893573367066606
AOI-0046,2025-09-24,0.2163324059059879
AOI-0046,2025-10-02,0.21152465139085552
AOI-0047,2025-05-08,0.8398779323814485
AOI-0047,2025-05-16,0.7917880012116466
AOI-0047,2025-05-25,0.7279122854762535
AOI-0047,2025-06-15,0.38038392106352115
AOI-0047,2025-07-17,0.16366653836210004
AOI-0047,2025-07-18,0.16729004983393403
AOI-0047,2025-09-03,0.13635631868979334
AOI-0047,2025-10-15,0.15830565344651787
AOI-0047,2025-10-16,0.20206438382148376
AOI-0048,2025-04-07,0.7615370169125707
AOI-0048,2025-04-17,0.7241195555785708
AOI-0048,2025-05-09,0.8042002483018909
AOI-0048,2025-09-17,0.18822158513243128
AOI-0048,2025-09-24,0.1932317970651839
AOI-0049,2025-05-04,0.8331789074311391
AOI-0049,2025-06-26,0.2953832678568574
AOI-0049,2025-06-27,0.23258604447350806
AOI-0049,2025-07-29,0.22896728755790652
AOI-0049,2025-08-06,0.21695080330872632
AOI-0049,2025-08-12,0.15975870494660804
AOI-0049,2025-08-17,0.14984187569069468
AOI-0049,2025-09-06,0.16817377735611766
AOI-0049,2025-09-14,0.2256357780090021
AOI-0049,2025-09-26,0.19261790070628823
AOI-0049,2025-09-30,0.28041787051632894
AOI-0049,2025-10-08,0.18545343379777285
AOI-0049,2025-10-16,0.2626227560639982
AOI-0049,2025-10-28,0.20976718545321915
AOI-0050,2025-04-14,0.32572439781346846
AOI-0050,2025-04-15,0.34814255703761393
AOI-0050,2025-05-25,0.6080495254745716
AOI-0050,2025-06-27,0.4860056000425731
AOI-0050,2025-08-07,0.30617450112245326
AOI-0050,2025-08-09,0.28412079339769275
AOI-0050,2025-08-13,0.3781735508702495
AOI-0050,2025-08-17,0.3194570652882572
AOI-0050,2025-09-07,0.3578079256480343
AOI-0050,2025-09-30,0.41241112105488503
AOI-0050,2025-10-17,0.3882336673203681
AOI-0050,2025-10-28,0.3332813406320478
AOI-0051,2010-06-09,0.6845580390839805
AOI-0051,2011-06-04,0.47230177114372635
AOI-0051,2011-06-05,0.5212660372556135
AOI-0051,2011-06-12,0.6445135384515859
AOI-0051,2011-06-13,0.666726107358641
AOI-0051,2011-09-01,0.5118695205349962
AOI-0051,2011-10-11,0.3537770361282825
AOI-0051,2012-04-27,0.4746956743178956
AOI-0051,2012-05-22,0.5677152657221372
AOI-0051,2012-08-12,0.4237376892962753
AOI-0051,2012-08-26,0.3376799950635802
AOI-0051,2012-08-28,0.4055195487147667
AOI-0051,2012-09-18,0.326196561208387
AOI-0051,2012-10-13,0.3941400016492983
AOI-0051,2013-05-01,0.7428377163008032
AOI-0051,2013-07-19,0.41539110473430313
AOI-0051,2013-07-28,0.4793689466193293
AOI-0051,2013-08-29,0.45132119517769936
AOI-0051,2013-10-07,0.4485101265019879
AOI-0051,2013-10-16,0.502831132989343
AOI-0051,2014-04-18,0.7871329503950403
AOI-0051,2014-06-05,0.7293096118018951
AOI-0051,2014-06-10,0.5870888772194148
AOI-0051,2014-06-28,0.5214532024181978
AOI-0051,2014-09-08,0.2784716505538139
AOI-0051,2014-09-16,0.373360710758639
AOI-0051,2015-04-07,0.37510733770183347
AOI-0051,2015-05-23,0.7141956678748252
AOI-0051,2015-06-10,0.7224261576819552
AOI-0051,2015-06-15,0.8106351064045705
AOI-0051,2015-06-26,0.6649995897590387
AOI-0051,2015-09-14,0.39280212028681694
AOI-0051,2015-09-20,0.3224540475081949
AOI-0051,2015-10-06,0.25466339343794747
AOI-0051,2016-04-06,0.7266969119644879
AOI-0051,2016-06-25,0.5000310260841335
AOI-0051,2016-07-12,0.4122723764755367
AOI-0051,2016-08-28,0.41802714974813826
AOI-0051,2016-09-14,0.42070229936271575
AOI-0051,2016-09-29,0.3508123340982281
AOI-0051,2016-10-24,0.16156524053099552
AOI-0051,2017-05-28,0.5160273870089563
AOI-0051,2017-06-21,0.6495616808551548
AOI-0051,2017-06-28,0.6549598847853287
AOI-0051,2017-07-06,0.6575264988628144
AOI-0051,2017-07-23,0.7124094980001767
AOI-0051,2017-09-25,0.33963670623741926
AOI-0051,2017-09-30,0.3615713630458993
AOI-0051,2017-10-16,0.3530857565555501
AOI-0051,2018-04-11,0.3967243516932508
AOI-0051,2018-04-28,0.6932114435408558
AOI-0051,2018-04-29,0.7130683933976326
AOI-0051,2018-05-30,0.7737463217463065
AOI-0051,2018-06-26,0.44970478146298054
AOI-0051,2018-07-02,0.30376854375565987
AOI-0051,2018-08-02,0.3356258050724948
AOI-0051,2018-08-18,0.2794298801858173
AOI-0051,2018-09-14,0.403964728848237
AOI-0051,2018-09-19,0.26958549132796755
AOI-0051,2018-10-14,0.246201192788916
AOI-0051,2019-05-17,0.7485750171785828
AOI-0051,2019-05-31,0.7206461383560043
AOI-0051,2019-06-25,0.2701694255735821
AOI-0051,2019-06-30,0.25913569380504675
AOI-0051,2019-07-29,0.39615192362643137
AOI-0051,2019-08-05,0.3595730132889691
AOI-0051,2019-08-13,0.38249038946658337
AOI-0051,2019-08-22,0.35273051026975477
AOI-0051,2019-09-13,0.24363633674516183
AOI-0051,2019-10-16,0.342733212681117
AOI-0051,2020-04-26,0.4101094590954566
AOI-0051,2020-06-09,0.7544485047423515
AOI-0051,2020-07-04,0.4726770334951252
AOI-0051,2020-07-27,0.4431442622933921
AOI-0051,2020-08-31,0.3739748932082508
AOI-0051,2020-09-07,0.2204638132815909
AOI-0051,2020-10-27,0.19318589029884706
AOI-0051,2021-05-06,0.7313497808069418
AOI-0051,2021-06-23,0.5807401949663601
AOI-0051,2021-07-19,0.26600493594268604
AOI-0051,2021-07-28,0.4278768101222715
AOI-0051,2021-08-23,0.33656441756786637
AOI-0051,2021-08-28,0.38181587538098305
AOI-0051,2021-08-29,0.48930149375549536
AOI-0051,2021-09-03,0.3813888593907241
AOI-0051,2021-09-07,0.371562727515857
AOI-0051,2021-10-02,0.29370231439469235
AOI-0051,2021-10-21,0.3085174906794359
AOI-0051,2022-05-09,0.5138764252921202
AOI-0051,2022-05-26,0.4746114893321795
AOI-0051,2022-05-27,0.42188673455822273
AOI-0051,2022-06-11,0.6624210851801291
AOI-0051,2022-06-19,0.769057988062787
AOI-0051,2022-06-30,0.7856498030444107
AOI-0051,2022-07-09,0.7657640609434394
AOI-0051,2022-07-12,0.7140059031103847
AOI-0051,2022-07-22,0.734751811132911
AOI-0051,2022-07-24,0.7015170570899747
AOI-0051,2022-07-29,0.6988485439269986
AOI-0051,2022-08-13,0.631921864129741
AOI-0051,2022-08-28,0.4991423920378668
AOI-0051,2022-09-06,0.5576912653549724
AOI-0051,2022-09-14,0.45446138866427277
AOI-0051,2022-10-07,0.3450258583726446
AOI-0051,2022-10-15,0.3371955480906897
AOI-0051,2023-04-23,0.8107112522883909
AOI-0051,2023-07-31,0.3353900576513156
AOI-0051,2023-08-28,0.3376710287746731
AOI-0051,2023-09-09,0.30970413664526886
AOI-0051,2023-09-27,0.3706036283218991
AOI-0051,2023-10-04,0.35781344867888537
AOI-0051,2024-04-05,0.30649509723294843
AOI-0051,2024-05-04,0.38212488615586115
AOI-0051,2024-05-22,0.5308930349811771
AOI-0051,2024-06-03,0.602206431448966
AOI-0051,2024-06-23,0.4791289942954663
AOI-0051,2024-07-28,0.3059865021460574
AOI-0051,2024-08-27,0.24925809615714925
AOI-0051,2024-09-03,0.304003820217908
AOI-0051,2024-10-01,0.25218980017186027
AOI-0051,2024-10-05,0.3111555079426243
AOI-0051,2024-10-06,0.25846458563973607
AOI-0051,2024-10-15,0.34864149851846415
AOI-0051,2025-05-09,0.8259698602341846
AOI-0051,2025-06-10,0.49107341463832954
AOI-0051,2025-06-27,0.38103532429994547
AOI-0051,2025-07-05,0.2969720133732678
AOI-0051,2025-07-10,0.21626756811749268
AOI-0051,2025-08-05,0.25262965287638817
AOI-0051,2025-08-12,0.17134052285703108
AOI-0051,2025-09-15,0.26393877310637703
AOI-0051,2025-09-16,0.1986071113418613
AOI-0052,2025-04-19,0.2034471418463503
AOI-0052,2025-06-08,0.4055692622995343
AOI-0052,2025-06-11,0.47589066881155273
AOI-0052,2025-07-05,0.6960746649100529
AOI-0052,2025-07-18,0.30942443795467156
AOI-0052,2025-08-22,0.13650918888238586
AOI-0052,2025-08-27,0.13970156361598765
AOI-0052,2025-09-06,0.15495976177623216
AOI-0052,2025-09-14,0.19648234769601944
AOI-0052,2025-10-17,0.2832929349624617
AOI-0053,2025-04-11,0.7146068042066818
AOI-0053,2025-04-14,0.7648097705140998
AOI-0053,2025-04-16,0.7969630758113349
AOI-0053,2025-04-19,0.844931283253372
AOI-0053,2025-04-23,0.8444727198347718
AOI-0053,2025-06-26,0.34880086274816996
AOI-0053,2025-07-28,0.1530588829252137
AOI-0053,2025-08-02,0.1172702553769969
AOI-0053,2025-08-09,0.12236552626860235
AOI-0053,2025-08-12,0.12985175550824316
AOI-0053,2025-08-29,0.14064978127855216
AOI-0053,2025-09-01,0.11554923531678313
AOI-0053,2025-09-07,0.18709223952004234
AOI-0053,2025-09-11,0.1483314512284042
AOI-0053,2025-09-14,0.20710057750262914
AOI-0053,2025-09-15,0.19249279593749996
AOI-0053,2025-09-21,0.13888121793557387
AOI-0053,2025-09-26,0.16370614657329263
AOI-0053,2025-10-28,0.24506166115608488
AOI-0054,2025-04-11,0.5945684637510584
AOI-0054,2025-04-19,0.6954079941820744
AOI-0054,2025-05-04,0.8119284434693009
AOI-0054,2025-06-03,0.8302193080610569
AOI-0054,2025-07-28,0.7039006817238769
AOI-0054,2025-08-12,0.7561818309290405
AOI-0054,2025-09-21,0.6893792390200669
AOI-0054,2025-09-30,0.6834723721573635
AOI-0054,2025-10-16,0.6465005758244566
AOI-0055,2025-04-01,0.2770857908104519
AOI-0055,2025-04-11,0.37975375199498296
AOI-0055,2025-05-09,0.5147292923078126
AOI-0055,2025-07-04,0.5548910087990746
AOI-0055,2025-07-05,0.5245423522798031
AOI-0055,2025-07-08,0.48718121196922987
AOI-0055,2025-07-23,0.401879029035159
AOI-0055,2025-08-17,0.3915312686766061
AOI-0055,2025-09-14,0.40880972937453564
AOI-0055,2025-09-22,0.42571117477971354
AOI-0056,2025-04-23,0.8030840931205577
AOI-0056,2025-05-24,0.7888953553982261
AOI-0056,2025-06-10,0.4518250522324224
AOI-0056,2025-06-19,0.3816556573454851
AOI-0056,2025-07-18,0.16705683437782456
AOI-0056,2025-07-23,0.16220193061156618
AOI-0056,2025-08-09,0.16277176152020195
AOI-0056,2025-09-06,0.19738594298975198
AOI-0056,2025-09-08,0.15625060455069756
AOI-0056,2025-10-16,0.2449562760014035
AOI-0057,2025-05-04,0.8476260171763412
AOI-0057,2025-05-09,0.7068625835585838
AOI-0057,2025-05-19,0.5580234163749522
AOI-0057,2025-06-26,0.32150605395324483
AOI-0057,2025-06-27,0.2599026608186832
AOI-0057,2025-07-10,0.18608434105041863
AOI-0057,2025-07-13,0.1812800418069473
AOI-0057,2025-07-18,0.18022546209773502
AOI-0057,2025-08-05,0.21529280932242867
AOI-0057,2025-08-27,0.1429393438902208
AOI-0057,2025-09-01,0.12595051785876277
AOI-0057,2025-09-21,0.1458207398696856
AOI-0058,2010-04-23,0.3952785589771697
AOI-0058,2010-08-13,0.42011856260587177
AOI-0058,2010-08-29,0.32958307455717584
AOI-0058,2010-09-05,0.2889856706053492
AOI-0058,2011-04-02,0.3474536263052982
AOI-0058,2011-04-26,0.48133915528116106
AOI-0058,2011-06-12,0.7328698742932007
AOI-0058,2011-07-15,0.47350507041515333
AOI-0058,2011-08-29,0.4565937647411225
AOI-0058,2011-09-01,0.25125657714097804
AOI-0058,2011-10-02,0.2494050497136592
AOI-0058,2011-10-27,0.4143685403110991
AOI-0058,2012-04-22,0.6020033790128003
AOI-0058,2012-06-09,0.6932799500823169
AOI-0058,2012-06-23,0.6176486942752819
AOI-0058,2012-07-11,0.5556086365133064
AOI-0058,2012-08-12,0.43353358514470486
AOI-0058,2012-09-11,0.39669871952022984
AOI-0058,2013-04-07,0.36771986794473416
AOI-0058,2013-04-23,0.40147585726768514
AOI-0058,2013-05-09,0.3969053055736005
AOI-0058,2013-06-09,0.581848582980259
AOI-0058,2013-06-10,0.6205821070809953
AOI-0058,2013-07-11,0.7313133009609747
AOI-0058,2013-07-19,0.6531750931739371
AOI-0058,2013-08-28,0.2535640683623746
AOI-0058,2013-10-16,0.3205564990308257
AOI-0058,2013-10-24,0.31478346372589977
AOI-0058,2014-04-25,0.7806617850762421
AOI-0058,2014-06-05,0.8609528402482862
AOI-0058,2014-06-10,0.5977482737053115
AOI-0058,2014-09-14,0.3690388360618277
AOI-0058,2015-04-28,0.3608625132103887
AOI-0058,2015-05-09,0.6645743114571995
AOI-0058,2015-09-03,0.5308427073893651
AOI-0058,2015-09-27,0.44882482487117675
AOI-0058,2016-04-06,0.7872931990690047
AOI-0058,2016-04-30,0.8379458567324513
AOI-0058,2016-06-09,0.8075331582293785
AOI-0058,2016-07-27,0.44905382804485483
AOI-0058,2016-07-28,0.5013600211692987
AOI-0058,2016-08-13,0.4419459350324318
AOI-0058,2017-04-25,0.8225821539203495
AOI-0058,2017-07-15,0.2531461572055738
AOI-0058,2017-09-13,0.18919614577352406
AOI-0058,2017-09-16,0.21134629998056684
AOI-0058,2018-05-15,0.6846841970239995
AOI-0058,2018-07-26,0.4508174343312352
AOI-0058,2018-08-02,0.4634808671815118
AOI-0058,2019-04-23,0.8213247477144514
AOI-0058,2019-05-25,0.9139537518807181
AOI-0058,2019-06-25,0.26647324192845095
AOI-0058,2019-06-27,0.27864929043332703
AOI-0058,2019-07-04,0.2782991230413496
AOI-0058,2019-08-30,0.19931577239569973
AOI-0058,2019-09-28,0.13451930346655624
AOI-0058,2019-09-30,0.27351153635507097
AOI-0058,2020-04-17,0.4188789816961823
AOI-0058,2020-05-04,0.5548705982947565
AOI-0058,2020-06-05,0.6634219186335588
AOI-0058,2020-06-29,0.5657217425037395
AOI-0058,2020-07-06,0.5072328255917621
AOI-0058,2020-07-22,0.4731266490454976
AOI-0058,2020-07-30,0.43067468685745264
AOI-0058,2020-08-07,0.3689512863258316
AOI-0058,2020-08-12,0.42382540255777906
AOI-0058,2020-08-23,0.3219037952558383
AOI-0058,2020-08-28,0.3354888502772015
AOI-0058,2020-09-24,0.30115465480896725
AOI-0058,2020-10-27,0.2973077343100166
AOI-0058,2021-04-15,0.3565881743782915
AOI-0058,2021-05-09,0.7230749026481434
AOI-0058,2021-05-31,0.7162114939296284
AOI-0058,2021-07-09,0.5696441713078425
AOI-0058,2021-07-14,0.5124045525985528
AOI-0058,2021-07-25,0.4509135730956197
AOI-0058,2021-08-13,0.3501508712062869
AOI-0058,2021-08-28,0.33504957739041075
AOI-0058,2021-09-27,0.48784228022695103
AOI-0058,2022-06-10,0.8424551967679884
AOI-0058,2022-06-18,0.7972969856164659
AOI-0058,2022-07-04,0.28761030046698743
AOI-0058,2022-07-12,0.3019452258126396
AOI-0058,2022-07-17,0.24230751419486127
AOI-0058,2022-07-29,0.21205768697855293
AOI-0058,2022-09-14,0.2780437456785551
AOI-0058,2023-05-09,0.7182217330242224
AOI-0058,2023-05-20,0.582989189460122
AOI-0058,2023-06-28,0.777090194480686
AOI-0058,2023-08-17,0.552249765342522
AOI-0058,2023-09-02,0.40231474942549644
AOI-0058,2023-09-10,0.5603606996633345
AOI-0058,2023-09-27,0.5045998638137199
AOI-0058,2023-10-12,0.48766327877279475
AOI-0058,2024-04-09,0.7714206253258077
AOI-0058,2024-05-09,0.7277695511593822
AOI-0058,2024-06-03,0.6554567736348719
AOI-0058,2024-06-23,0.3725978934910301
AOI-0058,2024-06-28,0.33633676992225214
AOI-0058,2024-07-09,0.34489800068208903
AOI-0058,2024-07-26,0.27146982520227186
AOI-0058,2024-07-27,0.34979578683092977
AOI-0058,2024-08-18,0.2918538938429784
AOI-0058,2024-08-27,0.19076741963246568
AOI-0058,2024-08-28,0.30875273615593346
AOI-0058,2024-09-21,0.21834431794832698
AOI-0058,2024-09-28,0.22975818574511542
AOI-0058,2024-10-01,0.20214952705929745
AOI-0058,2024-10-30,0.2594382656358111
AOI-0058,2025-04-07,0.5917083649437676
AOI-0058,2025-04-16,0.4684613159053096
AOI-0058,2025-04-24,0.5366482903419728
AOI-0058,2025-07-18,0.32518256576766263
AOI-0058,2025-07-28,0.32485853627328887
AOI-0058,2025-08-02,0.24318171677532746
AOI-0058,2025-08-06,0.2799634472185342
AOI-0058,2025-08-09,0.18881946579592615
AOI-0058,2025-08-12,0.18755919597324378
AOI-0058,2025-08-14,0.1928449954673466
AOI-0058,2025-09-14,0.2510666121742019
AOI-0058,2025-09-22,0.2288549444731459
AOI-0059,2010-06-26,0.7662970713912238
AOI-0059,2010-07-19,0.7090614159181756
AOI-0059,2010-08-28,0.27427095857662814
AOI-0059,2011-04-23,0.7772515684139059
AOI-0059,2011-05-27,0.7380561303948502
AOI-0059,2011-05-28,0.7343513534857596
AOI-0059,2011-06-12,0.6212883967207307
AOI-0059,2011-06-26,0.7740243322120605
AOI-0059,2011-07-07,0.7118089097038814
AOI-0059,2011-07-28,0.5724976896961016
AOI-0059,2011-08-08,0.4827696767274007
AOI-0059,2011-08-23,0.45957706574174023
AOI-0059,2012-04-04,0.7178240952404951
AOI-0059,2012-08-12,0.3990152565124532
AOI-0059,2012-08-26,0.27896984038019623
AOI-0059,2012-09-11,0.2866274071315447
AOI-0059,2012-10-13,0.35840282586581806
AOI-0059,2013-05-09,0.840495307916529
AOI-0059,2013-06-18,0.3578844252522781
AOI-0059,2013-07-20,0.2517437026744808
AOI-0059,2013-08-13,0.21451531421823625
AOI-0059,2013-08-21,0.20913130186925746
AOI-0059,2013-10-16,0.28860133394104254
AOI-0059,2014-05-09,0.842637975640639
AOI-0059,2014-10-27,0.322934850551706
AOI-0059,2015-04-13,0.5230858404601259
AOI-0059,2015-05-22,0.46244092435379486
AOI-0059,2015-06-07,0.7588670695031051
AOI-0059,2015-08-02,0.8224628530544775
AOI-0059,2015-08-10,0.6897130978628745
AOI-0059,2015-08-29,0.534751015111103
AOI-0059,2015-09-27,0.4216763152557363
AOI-0059,2015-09-30,0.4206803209853564
AOI-0059,2016-05-25,0.8704828855860223
AOI-0059,2016-07-04,0.35554217737843324
AOI-0059,2016-09-14,0.22414497971720884
AOI-0059,2016-10-24,0.2518292237241351
AOI-0059,2017-04-02,0.6529447280961607
AOI-0059,2017-05-06,0.8949354042399734
AOI-0059,2017-05-27,0.9173271192163237
AOI-0059,2017-06-04,0.8946822250394741
AOI-0059,2017-06-10,0.8046581107234113
AOI-0059,2017-07-12,0.33983028158329215
AOI-0059,2017-07-23,0.20906550213560432
AOI-0059,2017-07-28,0.31450989621744796
AOI-0059,2017-08-13,0.2907522111026153
AOI-0059,2017-08-29,0.2384938433131774
AOI-0059,2017-09-24,0.2222366784590364
AOI-0059,2018-04-07,0.4173790198277715
AOI-0059,2018-05-22,0.46366242426283444
AOI-0059,2018-05-31,0.4063746940749973
AOI-0059,2018-07-09,0.6277334529447399
AOI-0059,2018-07-18,0.5424609592701146
AOI-0059,2018-07-26,0.4400474472423607
AOI-0059,2018-08-02,0.3530934649794605
AOI-0059,2018-08-10,0.3524697680272132
AOI-0059,2018-08-13,0.35673981449241304
AOI-0059,2018-10-06,0.24073753763491024
AOI-0059,2019-04-11,0.620000868929315
AOI-0059,2019-04-21,0.8009585272266325
AOI-0059,2019-04-23,0.8023268428771376
AOI-0059,2019-05-21,0.9085854846987893
AOI-0059,2019-06-02,0.8058220402933735
AOI-0059,2019-06-05,0.8199363851056187
AOI-0059,2019-06-10,0.6883556814585595
AOI-0059,2019-06-15,0.5101291532091212
AOI-0059,2019-06-30,0.217628673103803
AOI-0059,2019-07-29,0.27581882150595616
AOI-0059,2019-08-21,0.2073052257108067
AOI-0059,2019-08-24,0.15495537251300778
AOI-0059,2019-09-03,0.17539585259912652
AOI-0059,2019-10-13,0.2122843603168722
AOI-0059,2019-10-24,0.193921661920964
AOI-0059,2020-04-09,0.23788050551746337
AOI-0059,2020-04-18,0.2646501035567142
AOI-0059,2020-04-25,0.23751513296252322
AOI-0059,2020-05-08,0.5429561743377009
AOI-0059,2020-05-12,0.24538979563065766
AOI-0059,2020-06-05,0.6515420042088671
AOI-0059,2020-07-11,0.7323737042348267
AOI-0059,2020-07-30,0.7376781989266156
AOI-0059,2020-10-26,0.17764623149833123
AOI-0059,2021-06-19,0.6818044934010405
AOI-0059,2021-06-23,0.6089698234193667
AOI-0059,2021-06-29,0.318873954420783
AOI-0059,2021-07-28,0.36920803714546535
AOI-0059,2021-07-29,0.21193448121126157
AOI-0059,2021-08-18,0.4872689665096171
AOI-0059,2021-08-28,0.6427248860273497
AOI-0059,2021-09-07,0.755034158205094
AOI-0059,2021-09-17,0.7316820349265546
AOI-0059,2021-09-28,0.4157684730794967
AOI-0059,2021-09-30,0.3410729469177355
AOI-0059,2021-10-16,0.29297181232956204
AOI-0059,2022-04-15,0.2872765042427399
AOI-0059,2022-06-10,0.7769911201189222
AOI-0059,2022-06-11,0.7879138446969378
AOI-0059,2022-07-20,0.776232830136458
AOI-0059,2022-08-18,0.7396378005067958
AOI-0059,2022-09-27,0.41486235522064996
AOI-0059,2022-10-08,0.44939458364442264
AOI-0059,2023-05-13,0.8786638193076243
AOI-0059,2023-05-25,0.8103613353476261
AOI-0059,2023-06-18,0.7874599711211471
AOI-0059,2023-07-16,0.2454851752905715
AOI-0059,2023-07-29,0.16849369997731686
AOI-0059,2023-09-30,0.24759404548587313
AOI-0059,2023-10-12,0.19664186197064715
AOI-0059,2023-10-16,0.29151777782084476
AOI-0059,2024-04-04,0.3061214719783967
AOI-0059,2024-04-13,0.3347003489674038
AOI-0059,2024-04-22,0.43175051616030163
AOI-0059,2024-05-19,0.27994845076734326
AOI-0059,2024-06-09,0.6455544284847289
AOI-0059,2024-07-13,0.3778398146788881
AOI-0059,2024-07-17,0.3660743817568278
AOI-0059,2024-07-27,0.313292103105055
AOI-0059,2024-09-11,0.17238170980958473
AOI-0059,2025-04-01,0.659652719098549
AOI-0059,2025-04-23,0.8311442757885065
AOI-0059,2025-05-01,0.8823207662652515
AOI-0059,2025-05-09,0.8354982697974863
AOI-0059,2025-05-17,0.7538013387040984
AOI-0059,2025-06-10,0.46183361118573646
AOI-0059,2025-08-29,0.1357887269513709
AOI-0059,2025-09-07,0.1997481384565769
AOI-0059,2025-10-08,0.2093396734942883
AOI-0059,2025-10-28,0.31882589631243313
AOI-0060,2025-04-14,0.7044581842239005
AOI-0060,2025-04-29,0.8330630631429824
AOI-0060,2025-06-03,0.4541329095951766
AOI-0060,2025-07-04,0.6317599948032476
AOI-0060,2025-07-05,0.6021397528089065
AOI-0060,2025-07-21,0.38539859181647435
AOI-0060,2025-08-05,0.26014151689225007
AOI-0060,2025-08-29,0.1763703279968101
AOI-0060,2025-08-30,0.2178011945122785
AOI-0060,2025-09-01,0.16589919858507945
AOI-0060,2025-09-11,0.19454302653022834
AOI-0061,2010-04-23,0.38996366446753483
AOI-0061,2010-05-26,0.6711923837782033
AOI-0061,2010-06-11,0.7045671809736531
AOI-0061,2011-06-30,0.5028972919668312
AOI-0061,2011-07-28,0.5206531360677551
AOI-0061,2011-09-18,0.30725937864564745
AOI-0061,2011-09-26,0.36311234723941277
AOI-0061,2012-04-06,0.4367623328443482
AOI-0061,2012-05-24,0.736841370334486
AOI-0061,2012-08-28,0.5080101038852531
AOI-0061,2012-09-04,0.40072451501196676
AOI-0061,2012-10-22,0.16016207214847836
AOI-0061,2013-04-16,0.6413423211313423
AOI-0061,2013-06-10,0.6853288253890982
AOI-0061,2013-06-26,0.5468188044472861
AOI-0061,2013-08-29,0.28570878510088704
AOI-0061,2013-09-14,0.29114845553092394
AOI-0061,2013-10-09,0.19512903755573802
AOI-0061,2014-04-27,0.854460296247718
AOI-0061,2014-06-26,0.4091437321498036
AOI-0061,2014-07-28,0.28063310698871785
AOI-0061,2015-04-07,0.36898726413426236
AOI-0061,2015-05-08,0.2561509147525033
AOI-0061,2015-09-29,0.24014042355372622
AOI-0061,2016-04-22,0.771572310769503
AOI-0061,2016-06-19,0.6798176572145161
AOI-0061,2016-06-27,0.38441869145110186
AOI-0061,2016-07-13,0.34259372379244496
AOI-0061,2017-04-03,0.19265668475019987
AOI-0061,2017-05-25,0.49529036108332647
AOI-0061,2017-07-02,0.8760239681694895
AOI-0061,2017-07-27,0.774811199251744
AOI-0061,2017-08-11,0.5264732305051675
AOI-0061,2017-09-02,0.23835597319056578
AOI-0061,2018-04-07,0.7662365244500411
AOI-0061,2018-06-10,0.7092854810136457
AOI-0061,2019-04-09,0.2065305647558986
AOI-0061,2019-05-13,0.3000534684551675
AOI-0061,2019-05-21,0.42542947157862754
AOI-0061,2019-05-25,0.7102224721477293
AOI-0061,2019-06-27,0.7544369278239895
AOI-0061,2019-07-12,0.7484455718215595
AOI-0061,2019-08-21,0.598904758371904
AOI-0061,2019-09-14,0.30789342330346314
AOI-0061,2019-09-23,0.12773616280037853
AOI-0061,2019-10-18,0.23126222775078714
AOI-0061,2019-10-20,0.21228660094820184
AOI-0061,2020-04-17,0.472647646064399
AOI-0061,2020-05-24,0.6621830297751861
AOI-0061,2020-07-16,0.29483991338716553
AOI-0061,2020-07-19,0.2675807782232613
AOI-0061,2020-07-24,0.29011257763414644
AOI-0061,2020-07-27,0.4263923672986838
AOI-0061,2020-08-08,0.23860742736803442
AOI-0061,2020-08-17,0.2769691148851201
AOI-0061,2020-08-18,0.20431442694801003
AOI-0061,2020-08-23,0.19231018654803725
AOI-0061,2020-09-18,0.1923399788519342
AOI-0061,2020-10-17,0.13422702343596957
AOI-0061,2020-10-29,0.0381352920359338
AOI-0061,2021-05-05,0.8980824506406955
AOI-0061,2021-05-08,0.883317932838341
AOI-0061,2021-05-15,0.8700276811550767
AOI-0061,2021-07-21,0.1657411283638282
AOI-0061,2021-07-24,0.1864377991805364
AOI-0061,2021-08-04,0.2841236028396971
AOI-0061,2021-08-28,0.3495393618876171
AOI-0061,2021-08-29,0.3948444733507045
AOI-0061,2021-10-29,0.14373102295236795
AOI-0061,2022-04-09,0.2843929350993923
AOI-0061,2022-05-09,0.4285109618053545
AOI-0061,2022-05-22,0.3499574674368438
AOI-0061,2022-05-25,0.5330794183230357
AOI-0061,2022-05-27,0.47294466136768765
AOI-0061,2022-06-12,0.793739507036149
AOI-0061,2022-06-29,0.8577194964410692
AOI-0061,2022-07-06,0.8199993712270175
AOI-0061,2022-07-21,0.7881116855746064
AOI-0061,2022-07-22,0.8188149338843639
AOI-0061,2022-07-28,0.7933203430717657
AOI-0061,2022-08-23,0.4020150046732548
AOI-0061,2023-04-07,0.5918998577855029
AOI-0061,2023-04-25,0.6118858197572673
AOI-0061,2023-05-05,0.711445143338324
AOI-0061,2023-05-06,0.7271138580971331
AOI-0061,2023-05-17,0.7427122540834403
AOI-0061,2023-06-06,0.8022861112905908
AOI-0061,2023-06-21,0.751625033060136
AOI-0061,2023-07-17,0.48584425951617766
AOI-0061,2023-07-21,0.4647518854619198
AOI-0061,2023-07-27,0.44732922940279635
AOI-0061,2023-09-24,0.1660418458299586
AOI-0061,2023-10-14,0.15927754972074856
AOI-0061,2023-10-29,0.18039984556792005
AOI-0061,2024-04-29,0.41369977467803715
AOI-0061,2024-05-01,0.42750967472918144
AOI-0061,2024-05-08,0.5527018721575986
AOI-0061,2024-06-20,0.4683469229204428
AOI-0061,2024-07-15,0.40273570220928456
AOI-0061,2024-08-09,0.34977229221174605
AOI-0061,2024-08-12,0.3341777160260305
AOI-0061,2024-09-06,0.21474818075444907
AOI-0061,2024-09-26,0.1574860239848498
AOI-0061,2024-10-07,0.2244855203742102
AOI-0061,2025-04-16,0.6384399894636599
AOI-0061,2025-04-19,0.7197820203758089
AOI-0061,2025-05-28,0.7863632816151586
AOI-0061,2025-06-28,0.5227596196629796
AOI-0061,2025-07-07,0.3613352323397113
AOI-0061,2025-07-10,0.30999906192491283
AOI-0061,2025-07-28,0.22250567480565464
AOI-0061,2025-08-16,0.16371361693603526
AOI-0061,2025-08-29,0.19510682888545533
AOI-0061,2025-09-24,0.3197902011157889
AOI-0061,2025-09-26,0.306654864558775
AOI-0061,2025-10-16,0.43103252426425076
AOI-0062,2010-04-24,0.7910025491906876
AOI-0062,2010-05-09,0.823894791473999
AOI-0062,2010-05-26,0.8351053135182361
AOI-0062,2010-08-13,0.2622798364292897
AOI-0062,2010-10-16,0.3672274737732393
AOI-0062,2011-06-14,0.7444235692370574
AOI-0062,2011-07-28,0.5231159845909156
AOI-0062,2011-10-16,0.5201543258870021
AOI-0062,2012-06-09,0.5805661132150998
AOI-0062,2012-08-28,0.29906777945437457
AOI-0062,2012-09-04,0.1701753733732276
AOI-0062,2012-09-13,0.27583198089203637
AOI-0062,2013-04-23,0.3899550503829175
AOI-0062,2013-07-12,0.6918751997734094
AOI-0062,2013-07-28,0.6816034200622724
AOI-0062,2013-09-14,0.3438925079792565
AOI-0062,2013-10-16,0.30586616745594253
AOI-0062,2014-06-30,0.28831840029039635
AOI-0062,2014-10-04,0.4590588718624278
AOI-0062,2015-04-22,0.6416069445046927
AOI-0062,2015-05-09,0.7386891304004556
AOI-0062,2015-09-05,0.2216884693089781
AOI-0062,2015-09-21,0.21332261821777204
AOI-0062,2016-05-08,0.8899470930817446
AOI-0062,2016-07-11,0.3352604143705415
AOI-0062,2016-07-27,0.35501746912127746
AOI-0062,2016-09-13,0.24542176227971246
AOI-0062,2016-10-25,0.3203692792106093
AOI-0062,2017-04-07,0.37614761709396527
AOI-0062,2017-07-28,0.6517744591861452
AOI-0062,2017-09-15,0.18673193465451182
AOI-0062,2018-04-06,0.7136172468446953
AOI-0062,2018-04-07,0.7563167210397452
AOI-0062,2018-06-02,0.8401636185431023
AOI-0062,2018-06-25,0.3362743491451244
AOI-0062,2018-07-28,0.3037153366004533
AOI-0062,2018-08-28,0.22240718671673554
AOI-0062,2019-04-08,0.17542700802339156
AOI-0062,2019-04-11,0.15399717354206358
AOI-0062,2019-06-17,0.6955877619918186
AOI-0062,2019-07-06,0.705390123807895
AOI-0062,2019-08-09,0.7005092265906706
AOI-0062,2019-08-23,0.3596856213986239
AOI-0062,2019-09-23,0.1404836024230185
AOI-0062,2019-10-18,0.1873609204161992
AOI-0062,2019-10-23,0.25272232684043605
AOI-0062,2019-10-28,0.21382271861875338
AOI-0062,2020-04-30,0.7883868556709084
AOI-0062,2020-05-30,0.7861045673859274
AOI-0062,2020-06-16,0.504629777853257
AOI-0062,2020-07-26,0.1269222240436409
AOI-0062,2020-08-18,0.14963230972867048
AOI-0062,2020-08-20,0.14937075323368115
AOI-0062,2020-08-23,0.14912519965649734
AOI-0062,2020-08-25,0.16746610467466178
AOI-0062,2020-09-07,0.13000250175447312
AOI-0062,2020-09-09,0.14926003141945327
AOI-0062,2020-10-07,0.14879176764707075
AOI-0062,2020-10-15,0.24797501301631933
AOI-0062,2021-04-23,0.3828015913544042
AOI-0062,2021-05-05,0.18184373521884686
AOI-0062,2021-05-08,0.2364204089372208
AOI-0062,2021-05-12,0.190679211229701
AOI-0062,2021-06-06,0.32174131724254634
AOI-0062,2021-06-10,0.6194288047512855
AOI-0062,2021-07-01,0.7507621355148153
AOI-0062,2021-07-26,0.7193586147304567
AOI-0062,2021-07-29,0.752695244133561
AOI-0062,2021-09-12,0.20691103771722125
AOI-0062,2021-09-13,0.2588533193874533
AOI-0062,2021-09-19,0.17745788653393996
AOI-0062,2021-09-27,0.18298357938544466
AOI-0062,2021-09-29,0.14778433965414903
AOI-0062,2021-10-07,0.1702186146742194
AOI-0062,2021-10-16,0.253784496396443
AOI-0062,2022-04-10,0.7560034761804811
AOI-0062,2022-04-27,0.8379872073284308
AOI-0062,2022-05-11,0.8606999912974916
AOI-0062,2022-05-25,0.8490931518609952
AOI-0062,2022-07-21,0.19358361522637518
AOI-0062,2022-07-24,0.19633822935497555
AOI-0062,2022-08-23,0.19228441017139028
AOI-0062,2022-09-14,0.18378507278452094
AOI-0062,2022-09-18,0.15831957056458068
AOI-0062,2022-09-30,0.24760776964489645
AOI-0062,2022-10-19,0.15232020498453205
AOI-0062,2023-05-17,0.27953462159871034
AOI-0062,2023-06-18,0.8543057522406278
AOI-0062,2023-06-24,0.8827018609930808
AOI-0062,2023-07-14,0.8294699157098439
AOI-0062,2023-08-05,0.4683346947890649
AOI-0062,2023-08-25,0.14457038971275166
AOI-0062,2023-09-17,0.15340718706439188
AOI-0062,2023-10-12,0.18424007677530843
AOI-0062,2023-10-16,0.21297958988484028
AOI-0062,2024-04-22,0.8990933126221823
AOI-0062,2024-06-03,0.7562314014194147
AOI-0062,2024-06-08,0.6252194213355148
AOI-0062,2024-06-23,0.2597739693800466
AOI-0062,2024-07-30,0.11701722402953685
AOI-0062,2024-08-04,0.14841398638413764
AOI-0062,2024-08-12,0.16382356779371487
AOI-0062,2024-09-06,0.14080865129327447
AOI-0062,2024-10-26,0.11840550326237986
AOI-0062,2025-04-01,0.19609415497606192
AOI-0062,2025-04-07,0.4370824843719736
AOI-0062,2025-04-11,0.24062362673979157
AOI-0062,2025-04-24,0.26300961033022224
AOI-0062,2025-04-29,0.24928728916410733
AOI-0062,2025-05-28,0.419486371468296
AOI-0062,2025-06-28,0.8873946378301769
AOI-0062,2025-07-06,0.8252884253892371
AOI-0062,2025-07-07,0.7928556827107145
AOI-0062,2025-07-15,0.4944087972054975
AOI-0062,2025-07-25,0.4206617972982633
AOI-0062,2025-08-02,0.29020953709266445
AOI-0062,2025-08-17,0.22724546429431347
AOI-0062,2025-09-24,0.23488854250972946
AOI-0062,2025-09-30,0.2733857978663401
AOI-0062,2025-10-08,0.18209741978653773
AOI-0062,2025-10-13,0.17170708736360413
AOI-0063,2025-04-14,0.221101702800842
AOI-0063,2025-04-19,0.23134302533003342
AOI-0063,2025-04-23,0.39018022119208173
AOI-0063,2025-04-24,0.213389270215975
AOI-0063,2025-05-06,0.23483734432628076
AOI-0063,2025-05-25,0.7014499258056199
AOI-0063,2025-06-05,0.7281931606390933
AOI-0063,2025-06-25,0.767242375703872
AOI-0063,2025-06-28,0.8141609979873622
AOI-0063,2025-06-30,0.7923381455798324
AOI-0063,2025-07-06,0.8203212515935062
AOI-0063,2025-07-07,0.7349208933971425
AOI-0063,2025-07-22,0.512710740911997
AOI-0063,2025-08-23,0.4290751533701375
AOI-0063,2025-09-13,0.2434603144405867
AOI-0063,2025-09-14,0.3481767156912613
AOI-0064,2025-04-14,0.41987142519633575
AOI-0064,2025-04-23,0.6177221521936448
AOI-0064,2025-04-24,0.46430359064609383
AOI-0064,2025-06-03,0.7652641531768654
AOI-0064,2025-06-05,0.7469061020501319
AOI-0064,2025-06-26,0.49562704417643233
AOI-0064,2025-06-27,0.4115493580289618
AOI-0064,2025-06-28,0.43227419993407507
AOI-0064,2025-07-10,0.2557621062520386
AOI-0064,2025-08-12,0.15284548145717206
AOI-0064,2025-08-19,0.15781039765020832
AOI-0064,2025-08-27,0.17987274092838912
AOI-0064,2025-08-31,0.20205586256922886
AOI-0064,2025-09-13,0.1945078683504355
AOI-0064,2025-10-06,0.2026276978289463
AOI-0064,2025-10-13,0.18184102681141887
AOI-0065,2025-04-19,0.4479152033661531
AOI-0065,2025-05-01,0.44268537590871365
AOI-0065,2025-06-04,0.5315813414536453
AOI-0065,2025-06-05,0.5081182014278975
AOI-0065,2025-06-08,0.5434671459850956
AOI-0065,2025-06-26,0.5949887489587458
AOI-0065,2025-07-15,0.40641490542509084
AOI-0065,2025-07-18,0.4086762049727655
AOI-0065,2025-08-07,0.20237228476641586
AOI-0065,2025-08-17,0.21309414817454023
AOI-0065,2025-09-14,0.298054603166479
AOI-0065,2025-09-25,0.202463929227023
AOI-0065,2025-09-30,0.30386583165730197
AOI-0065,2025-10-08,0.2190947901720497
AOI-0066,2025-06-05,0.4809363452225838
AOI-0066,2025-07-05,0.8503653855841559
AOI-0066,2025-07-15,0.6596665825930567
AOI-0066,2025-07-25,0.5354512454101729
AOI-0066,2025-07-27,0.4601513221120593
AOI-0066,2025-08-14,0.21898576743624254
AOI-0066,2025-09-01,0.19664400429021517
AOI-0067,2010-04-25,0.18066936736042108
AOI-0067,2010-06-20,0.1813266962130579
AOI-0067,2010-06-26,0.27087012066827804
AOI-0067,2010-07-13,0.1656965456891602
AOI-0067,2010-07-21,0.14309295783652706
AOI-0067,2010-08-06,0.1424954204564932
AOI-0067,2010-08-07,0.1405800428105358
AOI-0067,2010-08-15,0.12308189492309357
AOI-0067,2010-09-23,0.12877641653374483
AOI-0067,2010-10-09,0.13907622914940018
AOI-0067,2011-05-09,0.379821450863195
AOI-0067,2011-05-14,0.20766811182155945
AOI-0067,2011-09-03,0.3488422741112055
AOI-0067,2011-09-19,0.3318999704139723
AOI-0067,2012-05-08,0.34820843707147286
AOI-0067,2012-06-09,0.22626123481603455
AOI-0067,2012-07-27,0.16708051676102256
AOI-0067,2012-09-29,0.21076738794066457
AOI-0067,2013-07-30,0.20665658449175264
AOI-0067,2013-08-29,0.3510094434344523
AOI-0067,2014-05-21,0.20627046652170494
AOI-0067,2014-05-25,0.2924569557437477
AOI-0067,2014-06-06,0.18308618734593465
AOI-0067,2014-06-07,0.19313954611595657
AOI-0067,2014-07-01,0.1862793133391418
AOI-0067,2014-07-16,0.2015078697099256
AOI-0067,2014-07-17,0.15351357423579895
AOI-0067,2014-09-14,0.231612957500572
AOI-0067,2014-10-12,0.13068226297666263
AOI-0067,2015-04-15,0.12827499658732372
AOI-0067,2015-05-09,0.3134188308095647
AOI-0067,2015-06-02,0.20885955023599306
AOI-0067,2015-06-18,0.21315463356652456
AOI-0067,2015-07-12,0.4138321378908567
AOI-0067,2015-07-20,0.39386870883757624
AOI-0067,2015-08-29,0.5324335304330609
AOI-0067,2015-09-14,0.40149622867671253
AOI-0067,2015-09-29,0.22419080888064938
AOI-0067,2016-05-03,0.23331632765326643
AOI-0067,2016-05-10,0.22733585380602467
AOI-0067,2016-05-11,0.2612379261767123
AOI-0067,2016-06-25,0.2610254784004964
AOI-0067,2016-07-14,0.22505594666577503
AOI-0067,2016-07-27,0.3624344983984849
AOI-0067,2016-09-29,0.26597267817454034
AOI-0067,2016-10-25,0.20159220365162012
AOI-0067,2017-04-04,0.11548178667325737
AOI-0067,2017-04-28,0.14338628480339424
AOI-0067,2017-05-05,0.17642215544948278
AOI-0067,2017-06-07,0.25305164424895504
AOI-0067,2017-07-09,0.43421513929279415
AOI-0067,2017-07-25,0.5417403108639361
AOI-0067,2017-08-02,0.5873915476575655
AOI-0067,2017-08-11,0.5454507906555477
AOI-0067,2017-08-13,0.5200243523611591
AOI-0067,2017-08-29,0.5522072623651139
AOI-0067,2017-09-14,0.45610770527135636
AOI-0067,2017-09-20,0.42321031851212304
AOI-0067,2018-04-06,0.19149736549153934
AOI-0067,2018-04-23,0.2576028131484424
AOI-0067,2018-05-25,0.20733299489222304
AOI-0067,2018-07-11,0.18115974082289774
AOI-0067,2018-08-29,0.1682604654378881
AOI-0067,2019-05-08,0.7080416181830699
AOI-0067,2019-05-28,0.8213037192851055
AOI-0067,2019-06-12,0.466641188390242
AOI-0067,2019-07-12,0.30620325868096065
AOI-0067,2019-07-14,0.2075989563660897
AOI-0067,2019-07-28,0.4401934361767837
AOI-0067,2019-08-08,0.4315258884791066
AOI-0067,2019-08-11,0.3951533866900893
AOI-0067,2019-08-29,0.3419111477206836
AOI-0067,2019-09-05,0.2600410916481398
AOI-0067,2019-09-16,0.28559849491500533
AOI-0067,2019-09-24,0.24460674226372614
AOI-0067,2019-10-02,0.3030952300556579
AOI-0067,2019-10-03,0.24177832826846182
AOI-0067,2019-10-15,0.2842205905104401
AOI-0067,2020-04-22,0.23162546804709372
AOI-0067,2020-04-27,0.15551247993728334
AOI-0067,2020-05-02,0.13572262493047563
AOI-0067,2020-05-08,0.3643393757775266
AOI-0067,2020-07-06,0.5986338836480469
AOI-0067,2020-07-25,0.5198237198227018
AOI-0067,2020-07-26,0.45045702343525257
AOI-0067,2020-07-27,0.43979516063256013
AOI-0067,2020-08-25,0.36459528885740733
AOI-0067,2020-10-15,0.25549419024250297
AOI-0067,2021-05-16,0.288335533527211
AOI-0067,2021-06-06,0.5917922478088771
AOI-0067,2021-06-16,0.6887759476591081
AOI-0067,2021-06-18,0.6850772492944691
AOI-0067,2021-07-04,0.4346711664861067
AOI-0067,2021-08-30,0.2689736881878382
AOI-0067,2021-09-09,0.3299366834858041
AOI-0067,2021-10-09,0.15934410159537366
AOI-0067,2022-04-02,0.1368993667714364
AOI-0067,2022-04-23,0.2991348808809549
AOI-0067,2022-04-26,0.20787558234419093
AOI-0067,2022-06-01,0.22078724508853798
AOI-0067,2022-07-01,0.6538498957632746
AOI-0067,2022-08-23,0.4639954524554547
AOI-0067,2022-08-24,0.4462001027160848
AOI-0067,2022-08-29,0.3821090977786972
AOI-0067,2022-09-01,0.3163223043523154
AOI-0067,2022-09-25,0.37405892521746886
AOI-0067,2022-10-09,0.29331445865907024
AOI-0067,2022-10-14,0.2399504299319016
AOI-0067,2023-04-23,0.3240477512539428
AOI-0067,2023-05-31,0.2745834386761079
AOI-0067,2023-06-30,0.7209941349367628
AOI-0067,2023-07-12,0.6503178819319652
AOI-0067,2023-07-21,0.5643679947268848
AOI-0067,2023-07-27,0.4817047989455448
AOI-0067,2023-08-26,0.31362486860602884
AOI-0067,2023-09-24,0.21599858306971592
AOI-0067,2023-09-27,0.255172098616151
AOI-0067,2023-10-05,0.2306150471704154
AOI-0067,2023-10-13,0.20488049492139296
AOI-0067,2024-04-01,0.17658914359369815
AOI-0067,2024-04-11,0.20021947289212538
AOI-0067,2024-05-09,0.46596040547644546
AOI-0067,2024-05-24,0.6081232678829424
AOI-0067,2024-07-05,0.25722972366145774
AOI-0067,2024-07-10,0.2491465199201147
AOI-0067,2024-08-29,0.1499956456854582
AOI-0067,2024-09-06,0.1733698092547548
AOI-0067,2024-09-23,0.13493681204567293
AOI-0067,2025-04-17,0.14848659545105955
AOI-0067,2025-04-23,0.20671141238574645
AOI-0067,2025-04-28,0.13117130976015787
AOI-0067,2025-06-05,0.12837429781529655
AOI-0067,2025-06-21,0.28785209191816097
AOI-0067,2025-06-26,0.43631627068452966
AOI-0067,2025-07-05,0.45236575409797913
AOI-0067,2025-07-14,0.525371930736281
AOI-0067,2025-07-15,0.5173969185222437
AOI-0067,2025-08-06,0.5719336022245757
AOI-0067,2025-09-01,0.4422825806702198
AOI-0067,2025-09-23,0.2715665601392459
AOI-0067,2025-10-03,0.24159759063123626
AOI-0068,2010-04-16,0.13292953633188634
AOI-0068,2010-05-02,0.16771605355580305
AOI-0068,2010-05-09,0.31893104063706185
AOI-0068,2010-06-20,0.1520004149048193
AOI-0068,2010-07-13,0.15254504165524366
AOI-0068,2010-07-14,0.149124099513514
AOI-0068,2010-07-28,0.20111396552842697
AOI-0068,2010-08-07,0.12265210444534168
AOI-0068,2010-08-29,0.2167440080144572
AOI-0068,2011-04-07,0.4847183937686238
AOI-0068,2011-05-30,0.5863499437235873
AOI-0068,2011-06-15,0.4038332283063691
AOI-0068,2011-06-23,0.248125700340213
AOI-0068,2011-07-16,0.1937265812621765
AOI-0068,2011-08-09,0.16351652744078898
AOI-0068,2011-09-03,0.16825160464293287
AOI-0068,2012-07-27,0.1809928866748607
AOI-0068,2012-08-03,0.15837411462317347
AOI-0068,2012-10-22,0.2010872668314932
AOI-0068,2013-06-19,0.24029091254881513
AOI-0068,2013-06-27,0.2501553429243709
AOI-0068,2013-07-28,0.2613011340722821
AOI-0068,2014-04-27,0.476224279226782
AOI-0068,2014-07-28,0.19709577454793473
AOI-0068,2014-08-17,0.1812639115107206
AOI-0068,2014-08-25,0.12541476550124955
AOI-0068,2014-10-05,0.1331352424551329
AOI-0068,2014-10-16,0.19368883364709416
AOI-0068,2014-10-29,0.16945044817565139
AOI-0068,2015-06-09,0.32674918743348086
AOI-0068,2015-07-27,0.25302105708955486
AOI-0068,2015-08-04,0.2661215103479058
AOI-0068,2016-05-02,0.34058298274932036
AOI-0068,2016-05-11,0.33402538255779085
AOI-0068,2016-07-14,0.349656880637514
AOI-0068,2016-08-28,0.307441396370248
AOI-0068,2016-09-13,0.297030745872956
AOI-0068,2016-09-29,0.37358291772091295
AOI-0068,2017-05-14,0.5346493917162404
AOI-0068,2017-06-10,0.45655708406173606
AOI-0068,2017-06-22,0.3823148950782797
AOI-0068,2017-06-27,0.2881780941750598
AOI-0068,2017-07-12,0.2436622413565048
AOI-0068,2017-08-02,0.20901323044112013
AOI-0068,2017-08-11,0.14961853722069574
AOI-0068,2017-08-13,0.2029880056931443
AOI-0068,2017-09-02,0.1719569398634622
AOI-0068,2017-09-03,0.21205620045292398
AOI-0068,2018-04-28,0.2308355287694547
AOI-0068,2018-05-09,0.37123526287908415
AOI-0068,2018-06-07,0.18993034593357802
AOI-0068,2018-07-11,0.19015144670077236
AOI-0068,2018-08-28,0.1711933017115577
AOI-0068,2018-09-06,0.17220858186354643
AOI-0068,2018-09-21,0.1356975055432087
AOI-0068,2019-05-25,0.598455533724086
AOI-0068,2019-05-28,0.5767741390175094
AOI-0068,2019-06-28,0.22404495112741377
AOI-0068,2019-08-07,0.22121629178964222
AOI-0068,2019-09-01,0.1655024785853636
AOI-0068,2019-09-05,0.16531555876099444
AOI-0068,2019-09-15,0.15176020686387642
AOI-0068,2019-09-24,0.192264719619269
AOI-0068,2019-09-25,0.19437239556392671
AOI-0068,2019-09-30,0.2547921055871716
AOI-0068,2019-10-02,0.28696327001300187
AOI-0068,2019-10-25,0.3227205937936664
AOI-0068,2020-04-02,0.35103816131367105
AOI-0068,2020-04-06,0.42780617568541185
AOI-0068,2020-04-12,0.3060110000357297
AOI-0068,2020-04-19,0.29456531150034576
AOI-0068,2020-06-26,0.1905198129206013
AOI-0068,2020-07-27,0.19070534647307014
AOI-0068,2020-07-31,0.10675441843869171
AOI-0068,2020-09-03,0.14265991490701396
AOI-0068,2020-10-05,0.13864156698337152
AOI-0068,2020-10-20,0.22248583921997894
AOI-0068,2021-05-01,0.2594954746175395
AOI-0068,2021-05-16,0.42776468177810045
AOI-0068,2021-06-11,0.44098899717040596
AOI-0068,2021-06-16,0.4250366960454848
AOI-0068,2021-07-19,0.2583711215146028
AOI-0068,2021-07-31,0.19416495907596681
AOI-0068,2021-09-30,0.4737069951869085
AOI-0068,2022-04-02,0.30337961798179625
AOI-0068,2022-04-12,0.3402004818252093
AOI-0068,2022-04-23,0.5552702459614529
AOI-0068,2022-05-12,0.47036560106052
AOI-0068,2022-05-27,0.3468018013204478
AOI-0068,2022-06-08,0.3210324944005725
AOI-0068,2022-06-20,0.2619954333955044
AOI-0068,2022-07-01,0.19569604598981596
AOI-0068,2022-07-14,0.2075263577138673
AOI-0068,2022-07-30,0.20258160551528612
AOI-0068,2022-08-15,0.14041033085324664
AOI-0068,2023-04-03,0.525261199827927
AOI-0068,2023-04-17,0.4792751216197703
AOI-0068,2023-05-09,0.6065948258540669
AOI-0068,2023-06-06,0.5403532281389484
AOI-0068,2023-06-30,0.27718299015367664
AOI-0068,2023-07-05,0.24094537868541838
AOI-0068,2023-08-03,0.29448728083568476
AOI-0068,2023-08-13,0.29611383579524253
AOI-0068,2023-09-03,0.34101523884029206
AOI-0068,2023-09-24,0.32640829966303253
AOI-0068,2023-10-06,0.305923244314225
AOI-0068,2023-10-11,0.2713516140892246
AOI-0068,2024-05-01,0.23633995585263728
AOI-0068,2024-05-09,0.24215045165182464
AOI-0068,2024-06-15,0.15176671016450108
AOI-0068,2024-08-05,0.19289673580976838
AOI-0068,2024-08-09,0.126403439873457
AOI-0068,2024-08-19,0.1433002617544843
AOI-0068,2024-08-28,0.18672522706661554
AOI-0068,2024-09-08,0.14516554780542312
AOI-0068,2024-09-14,0.18821990343600012
AOI-0068,2024-09-29,0.18570531926158773
AOI-0068,2024-10-13,0.13379323681073874
AOI-0068,2025-05-08,0.7005810478423964
AOI-0068,2025-05-11,0.647300267588902
AOI-0068,2025-05-20,0.6896897287360609
AOI-0068,2025-06-10,0.2975656687448257
AOI-0068,2025-06-15,0.351239206826058
AOI-0068,2025-06-17,0.29152506348414364
AOI-0068,2025-06-30,0.21172151867676053
AOI-0068,2025-07-22,0.22258357890919495
AOI-0068,2025-07-28,0.25276203348858456
AOI-0068,2025-08-13,0.2583634509904461
AOI-0068,2025-08-14,0.14576989903605606
AOI-0068,2025-08-23,0.24284015451025234
AOI-0068,2025-08-24,0.19128925155267834
AOI-0068,2025-09-08,0.20842000463564253
AOI-0068,2025-09-14,0.2797072406418059
AOI-0068,2025-09-24,0.24649202735267486
AOI-0069,2025-04-16,0.14131395565911964
AOI-0069,2025-04-21,0.15568187156469726
AOI-0069,2025-04-23,0.2490549902455345
AOI-0069,2025-05-01,0.18022837479520046
AOI-0069,2025-05-11,0.23527990118800282
AOI-0069,2025-05-25,0.4980492628453502
AOI-0069,2025-05-28,0.4664675768341333
AOI-0069,2025-06-10,0.3345593977115966
AOI-0069,2025-06-25,0.23794348647690508
AOI-0069,2025-06-26,0.32335039093878426
AOI-0069,2025-07-05,0.19061130752705
AOI-0069,2025-07-06,0.2427177673616054
AOI-0069,2025-07-22,0.18160418429288294
AOI-0069,2025-08-07,0.16768381752769135
AOI-0069,2025-08-14,0.09869878325203388
AOI-0069,2025-09-01,0.16607164439408573
AOI-0069,2025-09-14,0.20772159267739204
AOI-0069,2025-09-24,0.182564579212387
AOI-0069,2025-09-25,0.1452315380801146
AOI-0069,2025-09-28,0.1519279590564902
AOI-0070,2025-05-11,0.28138374912761
AOI-0070,2025-05-25,0.3716617522773448
AOI-0070,2025-06-07,0.19011897716584208
AOI-0070,2025-06-10,0.22250811009749472
AOI-0070,2025-06-25,0.1733467393752492
AOI-0070,2025-07-12,0.21725351322061195
AOI-0070,2025-08-24,0.1480550094270885
AOI-0070,2025-08-31,0.16760154704107125
AOI-0070,2025-09-25,0.1679356042981838
AOI-0070,2025-10-02,0.20935848677521426
AOI-0070,2025-10-13,0.17089407644186355
AOI-0070,2025-10-23,0.23153768945773356
AOI-0071,2025-04-16,0.31866298750592104
AOI-0071,2025-04-18,0.3201565779262402
AOI-0071,2025-04-21,0.3548262855636908
AOI-0071,2025-05-25,0.5337587567039841
AOI-0071,2025-06-26,0.6274588742724343
AOI-0071,2025-07-06,0.6049474603075922
AOI-0071,2025-07-07,0.5431203082399793
AOI-0071,2025-07-12,0.45101005869215566
AOI-0071,2025-08-13,0.4594235128677499
AOI-0071,2025-08-23,0.4847351010357445
AOI-0071,2025-08-24,0.4124671425208083
AOI-0071,2025-08-26,0.4381772786242877
AOI-0071,2025-08-29,0.39678399820893856
AOI-0071,2025-09-01,0.4253974123857161
AOI-0071,2025-09-15,0.3378756955409326
AOI-0071,2025-09-28,0.31054957343103795
AOI-0072,2025-05-08,0.8411204737663238
AOI-0072,2025-06-04,0.6985397950705742
AOI-0072,2025-07-05,0.17474913393730346
AOI-0072,2025-07-06,0.2405599470429604
AOI-0072,2025-07-14,0.20687288222132535
AOI-0072,2025-07-17,0.13861946858494875
AOI-0072,2025-08-07,0.1906782227247696
AOI-0072,2025-08-19,0.16756031190189016
AOI-0072,2025-08-29,0.16615467994301988
AOI-0072,2025-09-03,0.12702779466264003
AOI-0072,2025-09-15,0.15761299567630996
AOI-0072,2025-09-16,0.18664848345554574
AOI-0072,2025-09-30,0.24031160946671098
AOI-0072,2025-10-03,0.15486772364261472
AOI-0072,2025-10-13,0.12754004924820936
AOI-0073,2010-06-26,0.6322811299295272
AOI-0073,2010-07-12,0.5816691994364697
AOI-0073,2011-04-07,0.2676030148781185
AOI-0073,2011-07-14,0.5128236433605993
AOI-0073,2011-09-14,0.37905525091239467
AOI-0073,2012-04-22,0.4793280549714508
AOI-0073,2012-04-27,0.39075298419030025
AOI-0073,2012-05-24,0.6876807315865479
AOI-0073,2012-09-29,0.29063546445593785
AOI-0073,2013-04-03,0.2571999652428223
AOI-0073,2013-06-10,0.4717635322348169
AOI-0073,2013-06-25,0.5460743233859752
AOI-0073,2013-07-12,0.5276483524786788
AOI-0073,2013-07-28,0.5803806478719756
AOI-0073,2013-09-30,0.35513785141414816
AOI-0073,2014-05-27,0.5788770239465627
AOI-0073,2014-07-12,0.7221511473957017
AOI-0073,2014-07-30,0.6946517739931567
AOI-0073,2014-08-13,0.45080575881001045
AOI-0073,2014-09-14,0.37889564896571004
AOI-0073,2014-10-10,0.2544275012831828
AOI-0073,2015-05-22,0.3253879372926804
AOI-0073,2015-05-30,0.4449835124465982
AOI-0073,2015-06-10,0.6088741151104964
AOI-0073,2015-06-15,0.4720786680246833
AOI-0073,2015-07-01,0.5742304792268278
AOI-0073,2015-07-09,0.6267228280642568
AOI-0073,2015-08-26,0.3247062977301761
AOI-0073,2015-10-05,0.2206915997025998
AOI-0073,2016-04-06,0.5052372135641048
AOI-0073,2017-04-23,0.32184700300803215
AOI-0073,2017-06-04,0.3681398608180989
AOI-0073,2017-06-12,0.4317250378625812
AOI-0073,2017-07-06,0.7920488279367125
AOI-0073,2017-07-18,0.7750589074446923
AOI-0073,2017-08-07,0.6607680869905767
AOI-0073,2017-08-12,0.6506940195316469
AOI-0073,2017-10-11,0.28091782024821643
AOI-0073,2017-10-16,0.3162116432599642
AOI-0073,2018-04-16,0.16760110952151297
AOI-0073,2019-05-17,0.32372456939657795
AOI-0073,2019-05-19,0.2556956122322192
AOI-0073,2019-06-03,0.48770788101717183
AOI-0073,2019-07-13,0.6543962318586736
AOI-0073,2019-08-07,0.6397441820268767
AOI-0073,2019-08-12,0.5788539929849859
AOI-0073,2019-09-06,0.35387018780940765
AOI-0073,2019-09-11,0.32732312217757814
AOI-0073,2019-09-15,0.31076861941356565
AOI-0073,2019-09-16,0.33734517236333744
AOI-0073,2019-09-28,0.24979089300106766
AOI-0073,2019-10-16,0.216145955883622
AOI-0073,2019-10-26,0.220339177308882
AOI-0073,2020-04-05,0.14304114758847683
AOI-0073,2020-04-15,0.11473646761839104
AOI-0073,2020-04-22,0.3869361055862411
AOI-0073,2020-05-18,0.34508465978220526
AOI-0073,2020-07-04,0.2869048708030797
AOI-0073,2020-07-06,0.30701277873861116
AOI-0073,2020-07-24,0.16633704301663196
AOI-0073,2020-07-29,0.16494011985854584
AOI-0073,2020-08-12,0.3265324651255988
AOI-0073,2020-09-01,0.20624640480324766
AOI-0073,2020-09-20,0.16239366160079938
AOI-0073,2020-10-20,0.20943818609446377
AOI-0073,2020-10-26,0.17938366171381773
AOI-0073,2021-05-06,0.24667580423163857
AOI-0073,2021-05-13,0.2143967578341261
AOI-0073,2021-05-15,0.24012112222131418
AOI-0073,2021-06-29,0.6130064354756116
AOI-0073,2021-07-25,0.7588779864828571
AOI-0073,2021-08-02,0.7215064886172263
AOI-0073,2021-09-07,0.35061234799917546
AOI-0073,2021-09-14,0.33683223325076217
AOI-0073,2021-09-15,0.2818664750940147
AOI-0073,2022-04-23,0.25309331213983227
AOI-0073,2022-04-25,0.1808887541222517
AOI-0073,2022-06-04,0.23497357485029896
AOI-0073,2022-06-07,0.2624657445897548
AOI-0073,2022-06-09,0.27712047535679585
AOI-0073,2022-06-14,0.4006283279227481
AOI-0073,2022-07-05,0.7816747398502006
AOI-0073,2022-07-07,0.7574444600409341
AOI-0073,2022-09-10,0.37077273641138614
AOI-0073,2022-09-30,0.3732140101391732
AOI-0073,2023-04-02,0.21786403506443372
AOI-0073,2023-04-28,0.2291605442716404
AOI-0073,2023-05-03,0.2724075715466073
AOI-0073,2023-05-05,0.2912416768258663
AOI-0073,2023-05-13,0.35953903560340583
AOI-0073,2023-06-04,0.5356994281409394
AOI-0073,2023-06-07,0.550813340595911
AOI-0073,2023-07-25,0.3591147268009738
AOI-0073,2023-07-31,0.2681711431587211
AOI-0073,2023-08-06,0.21666031111854875
AOI-0073,2023-08-16,0.2554754360041316
AOI-0073,2023-08-28,0.19949468475699214
AOI-0073,2023-09-07,0.19385430840134363
AOI-0073,2023-09-12,0.20429057848472695
AOI-0073,2023-09-29,0.1996292392942114
AOI-0073,2023-10-11,0.2825844336822938
AOI-0073,2023-10-15,0.27107650614827933
AOI-0073,2024-04-14,0.4521172495725255
AOI-0073,2024-04-20,0.596872121037356
AOI-0073,2024-05-06,0.6070566266234936
AOI-0073,2024-05-07,0.6051142050489302
AOI-0073,2024-06-23,0.3697889729509446
AOI-0073,2024-07-03,0.2615884432121936
AOI-0073,2024-07-11,0.31645018060950175
AOI-0073,2024-07-13,0.25664049196503724
AOI-0073,2024-07-21,0.21047613802951204
AOI-0073,2024-07-25,0.22552676597560425
AOI-0073,2024-08-12,0.22516419266062182
AOI-0073,2024-08-28,0.29144122798286615
AOI-0073,2024-09-01,0.17194373466753057
AOI-0073,2024-09-13,0.2402219830976289
AOI-0073,2024-09-29,0.19011783906107646
AOI-0073,2025-04-07,0.22755470487569457
AOI-0073,2025-04-15,0.20441362926987483
AOI-0073,2025-04-19,0.18784817488775912
AOI-0073,2025-04-22,0.18253731794031866
AOI-0073,2025-04-23,0.27895251755414985
AOI-0073,2025-04-29,0.19494338476625578
AOI-0073,2025-05-11,0.21866485895186674
AOI-0073,2025-05-22,0.23731418578827235
AOI-0073,2025-05-29,0.26363409866719767
AOI-0073,2025-06-03,0.3149361718416565
AOI-0073,2025-06-30,0.7790342585489898
AOI-0073,2025-07-06,0.8218073185936342
AOI-0073,2025-07-08,0.8079552870093807
AOI-0073,2025-07-28,0.7633150224660273
AOI-0073,2025-08-05,0.708825444275958
AOI-0073,2025-08-07,0.6931122957610375
AOI-0073,2025-08-22,0.46501164242511484
AOI-0073,2025-08-27,0.3767134132134621
AOI-0073,2025-09-22,0.33219487949199344
AOI-0074,2010-07-12,0.4330055373833539
AOI-0074,2010-08-29,0.30288206117358724
AOI-0074,2011-05-27,0.36957891234009704
AOI-0074,2011-06-20,0.5423937923639454
AOI-0074,2011-06-26,0.7909103543957433
AOI-0074,2011-07-06,0.8006701053762328
AOI-0074,2011-09-24,0.2142331266781321
AOI-0074,2013-06-25,0.43913508794630524
AOI-0074,2013-07-03,0.32006580488935027
AOI-0074,2013-07-11,0.28897351418785977
AOI-0074,2013-08-13,0.2734279231923383
AOI-0074,2014-07-14,0.844736305890726
AOI-0074,2014-07-28,0.6728758848702184
AOI-0074,2014-09-14,0.3336571776328251
AOI-0074,2014-10-16,0.2593304231513745
AOI-0074,2015-04-23,0.273320919758445
AOI-0074,2015-04-28,0.2090346088468783
AOI-0074,2015-07-25,0.6735958255692973
AOI-0074,2015-10-16,0.2648460379739092
AOI-0074,2015-10-29,0.20031050544489637
AOI-0074,2016-08-12,0.31526998844564713
AOI-0074,2016-08-20,0.27193241363823956
AOI-0074,2017-04-23,0.2870279170469451
AOI-0074,2017-05-04,0.2041071365426343
AOI-0074,2017-05-06,0.22370711092229464
AOI-0074,2017-06-04,0.3697419293977059
AOI-0074,2017-06-05,0.2878559182497471
AOI-0074,2017-06-10,0.603405312117412
AOI-0074,2017-06-20,0.6116937573201845
AOI-0074,2017-06-26,0.7672917576215965
AOI-0074,2017-07-18,0.7770787937242799
AOI-0074,2017-08-07,0.6669741451671223
AOI-0074,2017-08-17,0.48189511643489513
AOI-0074,2017-09-16,0.28095541029636595
AOI-0074,2017-10-11,0.24430002764269948
AOI-0074,2017-10-16,0.28535565679338387
AOI-0074,2018-04-04,0.17283045205538114
AOI-0074,2018-04-23,0.3386671185059289
AOI-0074,2018-05-06,0.3064875939849844
AOI-0074,2018-05-11,0.32795254620684094
AOI-0074,2018-05-22,0.4518583638826735
AOI-0074,2018-05-26,0.3321980923679556
AOI-0074,2018-05-30,0.35699955248268994
AOI-0074,2018-07-13,0.6751851223989889
AOI-0074,2018-08-18,0.7597724249448322
AOI-0074,2018-09-14,0.40568064699536643
AOI-0074,2018-09-19,0.3498817996515697
AOI-0074,2018-09-30,0.32930801656085984
AOI-0074,2019-04-23,0.18536836820431968
AOI-0074,2019-05-04,0.18782321299424976
AOI-0074,2019-05-14,0.21768119855127704
AOI-0074,2019-05-16,0.2655148631997732
AOI-0074,2019-05-31,0.4213562384632308
AOI-0074,2019-06-13,0.6871914152994408
AOI-0074,2019-07-13,0.6630512546756572
AOI-0074,2019-08-05,0.6434836872466615
AOI-0074,2019-08-09,0.536177261427885
AOI-0074,2019-09-14,0.3314790466794977
AOI-0074,2020-04-09,0.20342413590540107
AOI-0074,2020-07-06,0.26089752537701405
AOI-0074,2020-07-22,0.19268355051395275
AOI-0074,2020-08-07,0.21662595564799086
AOI-0074,2020-08-26,0.16499119827997522
AOI-0074,2020-09-07,0.14662023483828676
AOI-0074,2020-09-08,0.20461540188166216
AOI-0074,2020-09-12,0.16558547784008143
AOI-0074,2020-10-07,0.17426671260689805
AOI-0074,2020-10-12,0.1252967275471092
AOI-0074,2020-10-18,0.29952355841222944
AOI-0074,2020-10-22,0.11404600117879327
AOI-0074,2021-04-25,0.17317607574609062
AOI-0074,2021-06-23,0.6056213115423954
AOI-0074,2021-06-27,0.6495081702186566
AOI-0074,2021-07-17,0.710934367434221
AOI-0074,2021-08-03,0.5821776881779205
AOI-0074,2021-08-06,0.5526968037671304
AOI-0074,2021-08-19,0.4532165750552072
AOI-0074,2021-09-03,0.3759813944625691
AOI-0074,2021-10-06,0.2365838335033443
AOI-0074,2021-10-17,0.17962754468978678
AOI-0074,2021-10-20,0.24482926340856123
AOI-0074,2021-10-27,0.19959757269832187
AOI-0074,2022-05-30,0.2223855764106838
AOI-0074,2022-07-12,0.7567476726583682
AOI-0074,2022-08-29,0.5005361733354154
AOI-0074,2022-10-16,0.2838446591116188
AOI-0074,2023-04-28,0.20796418528476607
AOI-0074,2023-05-30,0.4381474355269084
AOI-0074,2023-06-09,0.5516045444580049
AOI-0074,2023-06-19,0.3531740947101611
AOI-0074,2023-07-14,0.24250730524581507
AOI-0074,2023-08-16,0.24977570336759772
AOI-0074,2023-09-14,0.23552214440867048
AOI-0074,2023-10-11,0.30240389208340845
AOI-0074,2024-04-17,0.5110582154818719
AOI-0074,2024-05-08,0.6617886841865619
AOI-0074,2024-05-09,0.6390465544108198
AOI-0074,2024-06-06,0.5267969334892547
AOI-0074,2024-07-08,0.2556584671679807
AOI-0074,2024-07-18,0.24483098278365142
AOI-0074,2024-07-27,0.3890583219350173
AOI-0074,2024-08-12,0.21096830107331419
AOI-0074,2024-08-28,0.29654490963111485
AOI-0074,2024-09-04,0.16508413684313056
AOI-0074,2024-09-09,0.15434357268557636
AOI-0074,2025-04-07,0.20811740985455388
AOI-0074,2025-04-15,0.1898007882066963
AOI-0074,2025-05-12,0.1939425812763858
AOI-0074,2025-05-14,0.18896884217438342
AOI-0074,2025-06-01,0.3081225176805561
AOI-0074,2025-06-10,0.5701311238692007
AOI-0074,2025-07-06,0.8030645709046359
AOI-0074,2025-07-16,0.6471168797592395
AOI-0074,2025-08-05,0.6573540206004405
AOI-0074,2025-08-19,0.45742084757161255
AOI-0074,2025-09-08,0.2448431227191447
AOI-0074,2025-09-22,0.29214677299167496
AOI-0074,2025-10-01,0.23116573317722103
AOI-0074,2025-10-26,0.25610650914141453
AOI-0075,2025-04-07,0.2711763214698126
AOI-0075,2025-04-12,0.25004840253466837
AOI-0075,2025-07-12,0.6045586190744048
AOI-0075,2025-07-18,0.49962982540329687
AOI-0075,2025-08-21,0.5191806515032846
AOI-0075,2025-08-30,0.46378522423457813
AOI-0075,2025-09-08,0.3823618455580133
AOI-0075,2025-09-16,0.2888670639493007
AOI-0075,2025-09-21,0.25415839327185297
AOI-0075,2025-10-29,0.3084132352348114
AOI-0076,2025-04-19,0.2163452424041735
AOI-0076,2025-05-01,0.2757756369518871
AOI-0076,2025-05-11,0.32019829716887366
AOI-0076,2025-05-25,0.5290071991604086
AOI-0076,2025-07-10,0.771945888918122
AOI-0076,2025-07-31,0.6817516178360579
AOI-0076,2025-08-21,0.4333973573716112
AOI-0076,2025-08-27,0.3274942737835427
AOI-0076,2025-09-01,0.2937358115057866
AOI-0076,2025-09-21,0.23376512513224365
AOI-0076,2025-09-22,0.290866192524287
AOI-0076,2025-10-01,0.22818581187582995
AOI-0076,2025-10-04,0.2088163781308017
AOI-0077,2025-05-09,0.8199487504257503
AOI-0077,2025-06-06,0.5523420516465122
AOI-0077,2025-06-21,0.440565087134032
AOI-0077,2025-07-12,0.36563207014080196
AOI-0077,2025-08-22,0.16900619450213752
AOI-0077,2025-08-27,0.17489402652525105
AOI-0077,2025-08-30,0.19540439649894217
AOI-0077,2025-09-11,0.1948420475327645
AOI-0077,2025-09-22,0.2287618984375449
AOI-0078,2025-05-02,0.8119780891123347
AOI-0078,2025-05-25,0.8396602115377321
AOI-0078,2025-06-01,0.7299226729855471
AOI-0078,2025-06-03,0.7236926093947261
AOI-0078,2025-06-06,0.7348007917229212
AOI-0078,2025-06-10,0.6396089081491872
AOI-0078,2025-07-04,0.32444892436362416
AOI-0078,2025-07-10,0.1924691680983783
AOI-0078,2025-07-11,0.1881576073749879
AOI-0078,2025-07-13,0.17457145708312669
AOI-0078,2025-08-10,0.17643981439858458
AOI-0078,2025-08-15,0.16064759625920239
AOI-0078,2025-09-08,0.16085513023631093
AOI-0078,2025-10-04,0.23879367382394104
